cmp625, 1, BruteForce, 1000, 0.0205, cei1
cmp625, 1, Hybrid_5, 1000, 0.0012, cei1
cmp625, 1, Hybrid_10, 1000, 0.0009, cei1
cmp625, 1, Hybrid_20, 1000, 0.0009, cei1
cmp625, 1, Hybrid_30, 1000, 0.0010, cei1
cmp625, 1, Hybrid_50, 1000, 0.0013, cei1
cmp625, 1, Hybrid_100, 1000, 0.0016, cei1
cmp625, 1, Hybrid_500, 1000, 0.0070, cei1
cmp625, 1, Hybrid_1000, 1000, 0.0198, cei1
cmp625, 1, Hybrid_5000, 1000, 0.0195, cei1
cmp625, 1, NativeSorted, 1000, 0.0001, cei1
cmp625, 1, BruteForce, 2000, 0.0778, cei1
cmp625, 1, Hybrid_5, 2000, 0.0020, cei1
cmp625, 1, Hybrid_10, 2000, 0.0020, cei1
cmp625, 1, Hybrid_20, 2000, 0.0019, cei1
cmp625, 1, Hybrid_30, 2000, 0.0022, cei1
cmp625, 1, Hybrid_50, 2000, 0.0024, cei1
cmp625, 1, Hybrid_100, 2000, 0.0034, cei1
cmp625, 1, Hybrid_500, 2000, 0.0110, cei1
cmp625, 1, Hybrid_1000, 2000, 0.0315, cei1
cmp625, 1, Hybrid_5000, 2000, 0.0748, cei1
cmp625, 1, NativeSorted, 2000, 0.0003, cei1
cmp625, 1, BruteForce, 5000, 0.4766, cei1
cmp625, 1, Hybrid_5, 5000, 0.0055, cei1
cmp625, 1, Hybrid_10, 5000, 0.0053, cei1
cmp625, 1, Hybrid_20, 5000, 0.0054, cei1
cmp625, 1, Hybrid_30, 5000, 0.0057, cei1
cmp625, 1, Hybrid_50, 5000, 0.0065, cei1
cmp625, 1, Hybrid_100, 5000, 0.0092, cei1
cmp625, 1, Hybrid_500, 5000, 0.0344, cei1
cmp625, 1, Hybrid_1000, 5000, 0.0641, cei1
cmp625, 1, Hybrid_5000, 5000, 0.4696, cei1
cmp625, 1, NativeSorted, 5000, 0.0008, cei1
cmp625, 1, BruteForce, 10000, 1.9114, cei1
cmp625, 1, Hybrid_5, 10000, 0.0123, cei1
cmp625, 1, Hybrid_10, 10000, 0.0118, cei1
cmp625, 1, Hybrid_20, 10000, 0.0119, cei1
cmp625, 1, Hybrid_30, 10000, 0.0127, cei1
cmp625, 1, Hybrid_50, 10000, 0.0145, cei1
cmp625, 1, Hybrid_100, 10000, 0.0199, cei1
cmp625, 1, Hybrid_500, 10000, 0.0697, cei1
cmp625, 1, Hybrid_1000, 10000, 0.1233, cei1
cmp625, 1, Hybrid_5000, 10000, 0.5780, cei1
cmp625, 1, NativeSorted, 10000, 0.0017, cei1
cmp625, 1, BruteForce, 50000, 50.4437, cei1
cmp625, 1, Hybrid_5, 50000, 0.0763, cei1
cmp625, 1, Hybrid_10, 50000, 0.0741, cei1
cmp625, 1, Hybrid_20, 50000, 0.0750, cei1
cmp625, 1, Hybrid_30, 50000, 0.0782, cei1
cmp625, 1, Hybrid_50, 50000, 0.0877, cei1
cmp625, 1, Hybrid_100, 50000, 0.1144, cei1
cmp625, 1, Hybrid_500, 50000, 0.3669, cei1
cmp625, 1, Hybrid_1000, 50000, 0.6254, cei1
cmp625, 1, Hybrid_5000, 50000, 2.8381, cei1
cmp625, 1, NativeSorted, 50000, 0.0098, cei1
cmp625, 1, BruteForce, 100000, 213.3224, cei1
cmp625, 1, Hybrid_5, 100000, 0.1680, cei1
cmp625, 1, Hybrid_10, 100000, 0.1629, cei1
cmp625, 1, Hybrid_20, 100000, 0.1643, cei1
cmp625, 1, Hybrid_30, 100000, 0.1714, cei1
cmp625, 1, Hybrid_50, 100000, 0.1899, cei1
cmp625, 1, Hybrid_100, 100000, 0.2455, cei1
cmp625, 1, Hybrid_500, 100000, 0.7401, cei1
cmp625, 1, Hybrid_1000, 100000, 1.4270, cei1
cmp625, 1, Hybrid_5000, 100000, 6.2214, cei1
cmp625, 1, NativeSorted, 100000, 0.0211, cei1
cmp625, 1, BruteForce, 500000, 5951.0231, cei1
cmp625, 1, Hybrid_5, 500000, 0.9622, cei1
cmp625, 1, Hybrid_10, 500000, 0.9398, cei1
cmp625, 1, Hybrid_20, 500000, 0.9474, cei1
cmp625, 1, Hybrid_30, 500000, 0.9818, cei1
cmp625, 1, Hybrid_50, 500000, 1.0719, cei1
cmp625, 1, Hybrid_100, 500000, 1.3423, cei1
cmp625, 1, Hybrid_500, 500000, 3.7846, cei1
cmp625, 1, Hybrid_1000, 500000, 6.8604, cei1
cmp625, 1, Hybrid_5000, 500000, 32.6629, cei1
cmp625, 1, NativeSorted, 500000, 0.1349, cei1
cmp625, 1, BruteForce, 1000000, 28874.7984, cei1
cmp625, 1, Hybrid_5, 1000000, 2.2126, cei1
cmp625, 1, Hybrid_10, 1000000, 2.1581, cei1
cmp625, 1, Hybrid_20, 1000000, 2.1706, cei1
cmp625, 1, Hybrid_30, 1000000, 2.2361, cei1
cmp625, 1, Hybrid_50, 1000000, 2.4181, cei1
cmp625, 1, Hybrid_100, 1000000, 2.9608, cei1
cmp625, 1, Hybrid_500, 1000000, 7.8681, cei1
cmp625, 1, Hybrid_1000, 1000000, 14.0993, cei1
cmp625, 1, Hybrid_5000, 1000000, 66.8212, cei1
cmp625, 1, NativeSorted, 1000000, 0.3131, cei1
cmp625, 2, BruteForce, 1000, 0.0188, cei1
cmp625, 2, Hybrid_5, 1000, 0.0010, cei1
cmp625, 2, Hybrid_10, 1000, 0.0008, cei1
cmp625, 2, Hybrid_20, 1000, 0.0009, cei1
cmp625, 2, Hybrid_30, 1000, 0.0010, cei1
cmp625, 2, Hybrid_50, 1000, 0.0012, cei1
cmp625, 2, Hybrid_100, 1000, 0.0016, cei1
cmp625, 2, Hybrid_500, 1000, 0.0071, cei1
cmp625, 2, Hybrid_1000, 1000, 0.0187, cei1
cmp625, 2, Hybrid_5000, 1000, 0.0183, cei1
cmp625, 2, NativeSorted, 1000, 0.0001, cei1
cmp625, 2, BruteForce, 2000, 0.0758, cei1
cmp625, 2, Hybrid_5, 2000, 0.0020, cei1
cmp625, 2, Hybrid_10, 2000, 0.0019, cei1
cmp625, 2, Hybrid_20, 2000, 0.0020, cei1
cmp625, 2, Hybrid_30, 2000, 0.0021, cei1
cmp625, 2, Hybrid_50, 2000, 0.0024, cei1
cmp625, 2, Hybrid_100, 2000, 0.0035, cei1
cmp625, 2, Hybrid_500, 2000, 0.0128, cei1
cmp625, 2, Hybrid_1000, 2000, 0.0280, cei1
cmp625, 2, Hybrid_5000, 2000, 0.0746, cei1
cmp625, 2, NativeSorted, 2000, 0.0003, cei1
cmp625, 2, BruteForce, 5000, 0.4804, cei1
cmp625, 2, Hybrid_5, 5000, 0.0061, cei1
cmp625, 2, Hybrid_10, 5000, 0.0059, cei1
cmp625, 2, Hybrid_20, 5000, 0.0060, cei1
cmp625, 2, Hybrid_30, 5000, 0.0064, cei1
cmp625, 2, Hybrid_50, 5000, 0.0072, cei1
cmp625, 2, Hybrid_100, 5000, 0.0097, cei1
cmp625, 2, Hybrid_500, 5000, 0.0336, cei1
cmp625, 2, Hybrid_1000, 5000, 0.0755, cei1
cmp625, 2, Hybrid_5000, 5000, 0.4772, cei1
cmp625, 2, NativeSorted, 5000, 0.0007, cei1
cmp625, 2, BruteForce, 10000, 1.9448, cei1
cmp625, 2, Hybrid_5, 10000, 0.0123, cei1
cmp625, 2, Hybrid_10, 10000, 0.0118, cei1
cmp625, 2, Hybrid_20, 10000, 0.0120, cei1
cmp625, 2, Hybrid_30, 10000, 0.0127, cei1
cmp625, 2, Hybrid_50, 10000, 0.0147, cei1
cmp625, 2, Hybrid_100, 10000, 0.0197, cei1
cmp625, 2, Hybrid_500, 10000, 0.0667, cei1
cmp625, 2, Hybrid_1000, 10000, 0.1332, cei1
cmp625, 2, Hybrid_5000, 10000, 0.7524, cei1
cmp625, 2, NativeSorted, 10000, 0.0016, cei1
cmp625, 2, BruteForce, 50000, 50.1901, cei1
cmp625, 2, Hybrid_5, 50000, 0.0741, cei1
cmp625, 2, Hybrid_10, 50000, 0.0722, cei1
cmp625, 2, Hybrid_20, 50000, 0.0729, cei1
cmp625, 2, Hybrid_30, 50000, 0.0763, cei1
cmp625, 2, Hybrid_50, 50000, 0.0857, cei1
cmp625, 2, Hybrid_100, 50000, 0.1123, cei1
cmp625, 2, Hybrid_500, 50000, 0.3531, cei1
cmp625, 2, Hybrid_1000, 50000, 0.7012, cei1
cmp625, 2, Hybrid_5000, 50000, 2.9816, cei1
cmp625, 2, NativeSorted, 50000, 0.0098, cei1
cmp625, 2, BruteForce, 100000, 210.9445, cei1
cmp625, 2, Hybrid_5, 100000, 0.1579, cei1
cmp625, 2, Hybrid_10, 100000, 0.1537, cei1
cmp625, 2, Hybrid_20, 100000, 0.1555, cei1
cmp625, 2, Hybrid_30, 100000, 0.1620, cei1
cmp625, 2, Hybrid_50, 100000, 0.1807, cei1
cmp625, 2, Hybrid_100, 100000, 0.2355, cei1
cmp625, 2, Hybrid_500, 100000, 0.7201, cei1
cmp625, 2, Hybrid_1000, 100000, 1.3867, cei1
cmp625, 2, Hybrid_5000, 100000, 6.0278, cei1
cmp625, 2, NativeSorted, 100000, 0.0212, cei1
cmp625, 2, BruteForce, 500000, 5821.2065, cei1
cmp625, 2, Hybrid_5, 500000, 0.9793, cei1
cmp625, 2, Hybrid_10, 500000, 0.9544, cei1
cmp625, 2, Hybrid_20, 500000, 0.9628, cei1
cmp625, 2, Hybrid_30, 500000, 0.9962, cei1
cmp625, 2, Hybrid_50, 500000, 1.0883, cei1
cmp625, 2, Hybrid_100, 500000, 1.3538, cei1
cmp625, 2, Hybrid_500, 500000, 3.8667, cei1
cmp625, 2, Hybrid_1000, 500000, 6.8766, cei1
cmp625, 2, Hybrid_5000, 500000, 31.9817, cei1
cmp625, 2, NativeSorted, 500000, 0.1353, cei1
cmp625, 2, BruteForce, 1000000, 29784.6932, cei1
cmp625, 2, Hybrid_5, 1000000, 2.1276, cei1
cmp625, 2, Hybrid_10, 1000000, 2.0699, cei1
cmp625, 2, Hybrid_20, 1000000, 2.0905, cei1
cmp625, 2, Hybrid_30, 1000000, 2.1573, cei1
cmp625, 2, Hybrid_50, 1000000, 2.3408, cei1
cmp625, 2, Hybrid_100, 1000000, 2.8881, cei1
cmp625, 2, Hybrid_500, 1000000, 7.8725, cei1
cmp625, 2, Hybrid_1000, 1000000, 14.1875, cei1
cmp625, 2, Hybrid_5000, 1000000, 67.1647, cei1
cmp625, 2, NativeSorted, 1000000, 0.3130, cei1
cmp625, 3, BruteForce, 1000, 0.0187, cei1
cmp625, 3, Hybrid_5, 1000, 0.0009, cei1
cmp625, 3, Hybrid_10, 1000, 0.0009, cei1
cmp625, 3, Hybrid_20, 1000, 0.0009, cei1
cmp625, 3, Hybrid_30, 1000, 0.0009, cei1
cmp625, 3, Hybrid_50, 1000, 0.0011, cei1
cmp625, 3, Hybrid_100, 1000, 0.0017, cei1
cmp625, 3, Hybrid_500, 1000, 0.0062, cei1
cmp625, 3, Hybrid_1000, 1000, 0.0187, cei1
cmp625, 3, Hybrid_5000, 1000, 0.0187, cei1
cmp625, 3, NativeSorted, 1000, 0.0001, cei1
cmp625, 3, BruteForce, 2000, 0.0776, cei1
cmp625, 3, Hybrid_5, 2000, 0.0021, cei1
cmp625, 3, Hybrid_10, 2000, 0.0020, cei1
cmp625, 3, Hybrid_20, 2000, 0.0020, cei1
cmp625, 3, Hybrid_30, 2000, 0.0021, cei1
cmp625, 3, Hybrid_50, 2000, 0.0025, cei1
cmp625, 3, Hybrid_100, 2000, 0.0036, cei1
cmp625, 3, Hybrid_500, 2000, 0.0140, cei1
cmp625, 3, Hybrid_1000, 2000, 0.0205, cei1
cmp625, 3, Hybrid_5000, 2000, 0.0775, cei1
cmp625, 3, NativeSorted, 2000, 0.0003, cei1
cmp625, 3, BruteForce, 5000, 0.4781, cei1
cmp625, 3, Hybrid_5, 5000, 0.0055, cei1
cmp625, 3, Hybrid_10, 5000, 0.0053, cei1
cmp625, 3, Hybrid_20, 5000, 0.0054, cei1
cmp625, 3, Hybrid_30, 5000, 0.0059, cei1
cmp625, 3, Hybrid_50, 5000, 0.0067, cei1
cmp625, 3, Hybrid_100, 5000, 0.0093, cei1
cmp625, 3, Hybrid_500, 5000, 0.0327, cei1
cmp625, 3, Hybrid_1000, 5000, 0.0601, cei1
cmp625, 3, Hybrid_5000, 5000, 0.4781, cei1
cmp625, 3, NativeSorted, 5000, 0.0007, cei1
cmp625, 3, BruteForce, 10000, 1.9085, cei1
cmp625, 3, Hybrid_5, 10000, 0.0129, cei1
cmp625, 3, Hybrid_10, 10000, 0.0125, cei1
cmp625, 3, Hybrid_20, 10000, 0.0127, cei1
cmp625, 3, Hybrid_30, 10000, 0.0134, cei1
cmp625, 3, Hybrid_50, 10000, 0.0150, cei1
cmp625, 3, Hybrid_100, 10000, 0.0202, cei1
cmp625, 3, Hybrid_500, 10000, 0.0715, cei1
cmp625, 3, Hybrid_1000, 10000, 0.1324, cei1
cmp625, 3, Hybrid_5000, 10000, 0.6034, cei1
cmp625, 3, NativeSorted, 10000, 0.0016, cei1
cmp625, 3, BruteForce, 50000, 50.7002, cei1
cmp625, 3, Hybrid_5, 50000, 0.0715, cei1
cmp625, 3, Hybrid_10, 50000, 0.0693, cei1
cmp625, 3, Hybrid_20, 50000, 0.0702, cei1
cmp625, 3, Hybrid_30, 50000, 0.0735, cei1
cmp625, 3, Hybrid_50, 50000, 0.0827, cei1
cmp625, 3, Hybrid_100, 50000, 0.1104, cei1
cmp625, 3, Hybrid_500, 50000, 0.3534, cei1
cmp625, 3, Hybrid_1000, 50000, 0.6623, cei1
cmp625, 3, Hybrid_5000, 50000, 3.0285, cei1
cmp625, 3, NativeSorted, 50000, 0.0099, cei1
cmp625, 3, BruteForce, 100000, 213.1987, cei1
cmp625, 3, Hybrid_5, 100000, 0.1677, cei1
cmp625, 3, Hybrid_10, 100000, 0.1633, cei1
cmp625, 3, Hybrid_20, 100000, 0.1656, cei1
cmp625, 3, Hybrid_30, 100000, 0.1722, cei1
cmp625, 3, Hybrid_50, 100000, 0.1905, cei1
cmp625, 3, Hybrid_100, 100000, 0.2462, cei1
cmp625, 3, Hybrid_500, 100000, 0.7537, cei1
cmp625, 3, Hybrid_1000, 100000, 1.3474, cei1
cmp625, 3, Hybrid_5000, 100000, 6.9338, cei1
cmp625, 3, NativeSorted, 100000, 0.0211, cei1
cmp625, 3, BruteForce, 500000, 5880.7854, cei1
cmp625, 3, Hybrid_5, 500000, 0.9175, cei1
cmp625, 3, Hybrid_10, 500000, 0.8933, cei1
cmp625, 3, Hybrid_20, 500000, 0.9023, cei1
cmp625, 3, Hybrid_30, 500000, 0.9350, cei1
cmp625, 3, Hybrid_50, 500000, 1.0251, cei1
cmp625, 3, Hybrid_100, 500000, 1.2998, cei1
cmp625, 3, Hybrid_500, 500000, 3.7833, cei1
cmp625, 3, Hybrid_1000, 500000, 6.9087, cei1
cmp625, 3, Hybrid_5000, 500000, 31.1997, cei1
cmp625, 3, NativeSorted, 500000, 0.1349, cei1
cmp625, 3, BruteForce, 1000000, 28463.2516, cei1
cmp625, 3, Hybrid_5, 1000000, 2.1682, cei1
cmp625, 3, Hybrid_10, 1000000, 2.1155, cei1
cmp625, 3, Hybrid_20, 1000000, 2.1289, cei1
cmp625, 3, Hybrid_30, 1000000, 2.1946, cei1
cmp625, 3, Hybrid_50, 1000000, 2.3784, cei1
cmp625, 3, Hybrid_100, 1000000, 2.9243, cei1
cmp625, 3, Hybrid_500, 1000000, 7.8902, cei1
cmp625, 3, Hybrid_1000, 1000000, 14.2480, cei1
cmp625, 3, Hybrid_5000, 1000000, 64.0670, cei1
cmp625, 3, NativeSorted, 1000000, 0.3097, cei1
cmp625, 4, BruteForce, 1000, 0.0193, cei1
cmp625, 4, Hybrid_5, 1000, 0.0010, cei1
cmp625, 4, Hybrid_10, 1000, 0.0009, cei1
cmp625, 4, Hybrid_20, 1000, 0.0009, cei1
cmp625, 4, Hybrid_30, 1000, 0.0010, cei1
cmp625, 4, Hybrid_50, 1000, 0.0012, cei1
cmp625, 4, Hybrid_100, 1000, 0.0016, cei1
cmp625, 4, Hybrid_500, 1000, 0.0053, cei1
cmp625, 4, Hybrid_1000, 1000, 0.0191, cei1
cmp625, 4, Hybrid_5000, 1000, 0.0188, cei1
cmp625, 4, NativeSorted, 1000, 0.0001, cei1
cmp625, 4, BruteForce, 2000, 0.0765, cei1
cmp625, 4, Hybrid_5, 2000, 0.0020, cei1
cmp625, 4, Hybrid_10, 2000, 0.0019, cei1
cmp625, 4, Hybrid_20, 2000, 0.0019, cei1
cmp625, 4, Hybrid_30, 2000, 0.0020, cei1
cmp625, 4, Hybrid_50, 2000, 0.0024, cei1
cmp625, 4, Hybrid_100, 2000, 0.0035, cei1
cmp625, 4, Hybrid_500, 2000, 0.0150, cei1
cmp625, 4, Hybrid_1000, 2000, 0.0175, cei1
cmp625, 4, Hybrid_5000, 2000, 0.0753, cei1
cmp625, 4, NativeSorted, 2000, 0.0003, cei1
cmp625, 4, BruteForce, 5000, 0.4839, cei1
cmp625, 4, Hybrid_5, 5000, 0.0062, cei1
cmp625, 4, Hybrid_10, 5000, 0.0060, cei1
cmp625, 4, Hybrid_20, 5000, 0.0061, cei1
cmp625, 4, Hybrid_30, 5000, 0.0064, cei1
cmp625, 4, Hybrid_50, 5000, 0.0074, cei1
cmp625, 4, Hybrid_100, 5000, 0.0103, cei1
cmp625, 4, Hybrid_500, 5000, 0.0334, cei1
cmp625, 4, Hybrid_1000, 5000, 0.0673, cei1
cmp625, 4, Hybrid_5000, 5000, 0.4819, cei1
cmp625, 4, NativeSorted, 5000, 0.0008, cei1
cmp625, 4, BruteForce, 10000, 1.8931, cei1
cmp625, 4, Hybrid_5, 10000, 0.0129, cei1
cmp625, 4, Hybrid_10, 10000, 0.0124, cei1
cmp625, 4, Hybrid_20, 10000, 0.0126, cei1
cmp625, 4, Hybrid_30, 10000, 0.0132, cei1
cmp625, 4, Hybrid_50, 10000, 0.0151, cei1
cmp625, 4, Hybrid_100, 10000, 0.0203, cei1
cmp625, 4, Hybrid_500, 10000, 0.0729, cei1
cmp625, 4, Hybrid_1000, 10000, 0.1200, cei1
cmp625, 4, Hybrid_5000, 10000, 0.5386, cei1
cmp625, 4, NativeSorted, 10000, 0.0016, cei1
cmp625, 4, BruteForce, 50000, 51.3655, cei1
cmp625, 4, Hybrid_5, 50000, 0.0756, cei1
cmp625, 4, Hybrid_10, 50000, 0.0730, cei1
cmp625, 4, Hybrid_20, 50000, 0.0738, cei1
cmp625, 4, Hybrid_30, 50000, 0.0772, cei1
cmp625, 4, Hybrid_50, 50000, 0.0862, cei1
cmp625, 4, Hybrid_100, 50000, 0.1141, cei1
cmp625, 4, Hybrid_500, 50000, 0.3638, cei1
cmp625, 4, Hybrid_1000, 50000, 0.6891, cei1
cmp625, 4, Hybrid_5000, 50000, 2.9790, cei1
cmp625, 4, NativeSorted, 50000, 0.0099, cei1
cmp625, 4, BruteForce, 100000, 211.6227, cei1
cmp625, 4, Hybrid_5, 100000, 0.1562, cei1
cmp625, 4, Hybrid_10, 100000, 0.1520, cei1
cmp625, 4, Hybrid_20, 100000, 0.1539, cei1
cmp625, 4, Hybrid_30, 100000, 0.1604, cei1
cmp625, 4, Hybrid_50, 100000, 0.1786, cei1
cmp625, 4, Hybrid_100, 100000, 0.2327, cei1
cmp625, 4, Hybrid_500, 100000, 0.7100, cei1
cmp625, 4, Hybrid_1000, 100000, 1.2970, cei1
cmp625, 4, Hybrid_5000, 100000, 6.0454, cei1
cmp625, 4, NativeSorted, 100000, 0.0211, cei1
cmp625, 4, BruteForce, 500000, 5735.5772, cei1
cmp625, 4, Hybrid_5, 500000, 0.9877, cei1
cmp625, 4, Hybrid_10, 500000, 0.9638, cei1
cmp625, 4, Hybrid_20, 500000, 0.9730, cei1
cmp625, 4, Hybrid_30, 500000, 1.0062, cei1
cmp625, 4, Hybrid_50, 500000, 1.1010, cei1
cmp625, 4, Hybrid_100, 500000, 1.3758, cei1
cmp625, 4, Hybrid_500, 500000, 3.8447, cei1
cmp625, 4, Hybrid_1000, 500000, 7.0281, cei1
cmp625, 4, Hybrid_5000, 500000, 33.7133, cei1
cmp625, 4, NativeSorted, 500000, 0.1350, cei1
cmp625, 4, BruteForce, 1000000, 28997.2427, cei1
cmp625, 4, Hybrid_5, 1000000, 2.1015, cei1
cmp625, 4, Hybrid_10, 1000000, 2.0456, cei1
cmp625, 4, Hybrid_20, 1000000, 2.0635, cei1
cmp625, 4, Hybrid_30, 1000000, 2.1313, cei1
cmp625, 4, Hybrid_50, 1000000, 2.3109, cei1
cmp625, 4, Hybrid_100, 1000000, 2.8650, cei1
cmp625, 4, Hybrid_500, 1000000, 7.9076, cei1
cmp625, 4, Hybrid_1000, 1000000, 14.1898, cei1
cmp625, 4, Hybrid_5000, 1000000, 65.5643, cei1
cmp625, 4, NativeSorted, 1000000, 0.3102, cei1
cmp625, 5, BruteForce, 1000, 0.0195, cei1
cmp625, 5, Hybrid_5, 1000, 0.0010, cei1
cmp625, 5, Hybrid_10, 1000, 0.0009, cei1
cmp625, 5, Hybrid_20, 1000, 0.0009, cei1
cmp625, 5, Hybrid_30, 1000, 0.0009, cei1
cmp625, 5, Hybrid_50, 1000, 0.0012, cei1
cmp625, 5, Hybrid_100, 1000, 0.0018, cei1
cmp625, 5, Hybrid_500, 1000, 0.0060, cei1
cmp625, 5, Hybrid_1000, 1000, 0.0188, cei1
cmp625, 5, Hybrid_5000, 1000, 0.0189, cei1
cmp625, 5, NativeSorted, 1000, 0.0001, cei1
cmp625, 5, BruteForce, 2000, 0.0773, cei1
cmp625, 5, Hybrid_5, 2000, 0.0022, cei1
cmp625, 5, Hybrid_10, 2000, 0.0021, cei1
cmp625, 5, Hybrid_20, 2000, 0.0022, cei1
cmp625, 5, Hybrid_30, 2000, 0.0023, cei1
cmp625, 5, Hybrid_50, 2000, 0.0025, cei1
cmp625, 5, Hybrid_100, 2000, 0.0037, cei1
cmp625, 5, Hybrid_500, 2000, 0.0138, cei1
cmp625, 5, Hybrid_1000, 2000, 0.0230, cei1
cmp625, 5, Hybrid_5000, 2000, 0.0755, cei1
cmp625, 5, NativeSorted, 2000, 0.0003, cei1
cmp625, 5, BruteForce, 5000, 0.4741, cei1
cmp625, 5, Hybrid_5, 5000, 0.0058, cei1
cmp625, 5, Hybrid_10, 5000, 0.0056, cei1
cmp625, 5, Hybrid_20, 5000, 0.0057, cei1
cmp625, 5, Hybrid_30, 5000, 0.0060, cei1
cmp625, 5, Hybrid_50, 5000, 0.0070, cei1
cmp625, 5, Hybrid_100, 5000, 0.0098, cei1
cmp625, 5, Hybrid_500, 5000, 0.0314, cei1
cmp625, 5, Hybrid_1000, 5000, 0.0617, cei1
cmp625, 5, Hybrid_5000, 5000, 0.4721, cei1
cmp625, 5, NativeSorted, 5000, 0.0007, cei1
cmp625, 5, BruteForce, 10000, 1.8894, cei1
cmp625, 5, Hybrid_5, 10000, 0.0129, cei1
cmp625, 5, Hybrid_10, 10000, 0.0125, cei1
cmp625, 5, Hybrid_20, 10000, 0.0127, cei1
cmp625, 5, Hybrid_30, 10000, 0.0132, cei1
cmp625, 5, Hybrid_50, 10000, 0.0151, cei1
cmp625, 5, Hybrid_100, 10000, 0.0209, cei1
cmp625, 5, Hybrid_500, 10000, 0.0677, cei1
cmp625, 5, Hybrid_1000, 10000, 0.1418, cei1
cmp625, 5, Hybrid_5000, 10000, 0.5817, cei1
cmp625, 5, NativeSorted, 10000, 0.0016, cei1
cmp625, 5, BruteForce, 50000, 49.9511, cei1
cmp625, 5, Hybrid_5, 50000, 0.0710, cei1
cmp625, 5, Hybrid_10, 50000, 0.0684, cei1
cmp625, 5, Hybrid_20, 50000, 0.0690, cei1
cmp625, 5, Hybrid_30, 50000, 0.0729, cei1
cmp625, 5, Hybrid_50, 50000, 0.0819, cei1
cmp625, 5, Hybrid_100, 50000, 0.1088, cei1
cmp625, 5, Hybrid_500, 50000, 0.3488, cei1
cmp625, 5, Hybrid_1000, 50000, 0.6655, cei1
cmp625, 5, Hybrid_5000, 50000, 3.2079, cei1
cmp625, 5, NativeSorted, 50000, 0.0097, cei1
cmp625, 5, BruteForce, 100000, 211.7043, cei1
cmp625, 5, Hybrid_5, 100000, 0.1626, cei1
cmp625, 5, Hybrid_10, 100000, 0.1585, cei1
cmp625, 5, Hybrid_20, 100000, 0.1599, cei1
cmp625, 5, Hybrid_30, 100000, 0.1671, cei1
cmp625, 5, Hybrid_50, 100000, 0.1858, cei1
cmp625, 5, Hybrid_100, 100000, 0.2382, cei1
cmp625, 5, Hybrid_500, 100000, 0.7393, cei1
cmp625, 5, Hybrid_1000, 100000, 1.3383, cei1
cmp625, 5, Hybrid_5000, 100000, 6.4871, cei1
cmp625, 5, NativeSorted, 100000, 0.0212, cei1
cmp625, 5, BruteForce, 500000, 5616.2783, cei1
cmp625, 5, Hybrid_5, 500000, 0.9349, cei1
cmp625, 5, Hybrid_10, 500000, 0.9109, cei1
cmp625, 5, Hybrid_20, 500000, 0.9177, cei1
cmp625, 5, Hybrid_30, 500000, 0.9515, cei1
cmp625, 5, Hybrid_50, 500000, 1.0434, cei1
cmp625, 5, Hybrid_100, 500000, 1.3155, cei1
cmp625, 5, Hybrid_500, 500000, 3.7628, cei1
cmp625, 5, Hybrid_1000, 500000, 6.8717, cei1
cmp625, 5, Hybrid_5000, 500000, 31.5652, cei1
cmp625, 5, NativeSorted, 500000, 0.1351, cei1
cmp625, 5, BruteForce, 1000000, 28738.9997, cei1
cmp625, 5, Hybrid_5, 1000000, 2.0617, cei1
cmp625, 5, Hybrid_10, 1000000, 2.0077, cei1
cmp625, 5, Hybrid_20, 1000000, 2.0191, cei1
cmp625, 5, Hybrid_30, 1000000, 2.0872, cei1
cmp625, 5, Hybrid_50, 1000000, 2.2667, cei1
cmp625, 5, Hybrid_100, 1000000, 2.8097, cei1
cmp625, 5, Hybrid_500, 1000000, 7.7110, cei1
cmp625, 5, Hybrid_1000, 1000000, 13.9266, cei1
cmp625, 5, Hybrid_5000, 1000000, 65.6712, cei1
cmp625, 5, NativeSorted, 1000000, 0.3122, cei1
cmp625, 6, BruteForce, 1000, 0.0198, cei1
cmp625, 6, Hybrid_5, 1000, 0.0009, cei1
cmp625, 6, Hybrid_10, 1000, 0.0009, cei1
cmp625, 6, Hybrid_20, 1000, 0.0008, cei1
cmp625, 6, Hybrid_30, 1000, 0.0009, cei1
cmp625, 6, Hybrid_50, 1000, 0.0012, cei1
cmp625, 6, Hybrid_100, 1000, 0.0017, cei1
cmp625, 6, Hybrid_500, 1000, 0.0073, cei1
cmp625, 6, Hybrid_1000, 1000, 0.0197, cei1
cmp625, 6, Hybrid_5000, 1000, 0.0191, cei1
cmp625, 6, NativeSorted, 1000, 0.0001, cei1
cmp625, 6, BruteForce, 2000, 0.0798, cei1
cmp625, 6, Hybrid_5, 2000, 0.0020, cei1
cmp625, 6, Hybrid_10, 2000, 0.0019, cei1
cmp625, 6, Hybrid_20, 2000, 0.0020, cei1
cmp625, 6, Hybrid_30, 2000, 0.0021, cei1
cmp625, 6, Hybrid_50, 2000, 0.0024, cei1
cmp625, 6, Hybrid_100, 2000, 0.0037, cei1
cmp625, 6, Hybrid_500, 2000, 0.0124, cei1
cmp625, 6, Hybrid_1000, 2000, 0.0265, cei1
cmp625, 6, Hybrid_5000, 2000, 0.0775, cei1
cmp625, 6, NativeSorted, 2000, 0.0003, cei1
cmp625, 6, BruteForce, 5000, 0.4842, cei1
cmp625, 6, Hybrid_5, 5000, 0.0063, cei1
cmp625, 6, Hybrid_10, 5000, 0.0060, cei1
cmp625, 6, Hybrid_20, 5000, 0.0061, cei1
cmp625, 6, Hybrid_30, 5000, 0.0065, cei1
cmp625, 6, Hybrid_50, 5000, 0.0074, cei1
cmp625, 6, Hybrid_100, 5000, 0.0100, cei1
cmp625, 6, Hybrid_500, 5000, 0.0326, cei1
cmp625, 6, Hybrid_1000, 5000, 0.0659, cei1
cmp625, 6, Hybrid_5000, 5000, 0.4813, cei1
cmp625, 6, NativeSorted, 5000, 0.0008, cei1
cmp625, 6, BruteForce, 10000, 1.9215, cei1
cmp625, 6, Hybrid_5, 10000, 0.0133, cei1
cmp625, 6, Hybrid_10, 10000, 0.0129, cei1
cmp625, 6, Hybrid_20, 10000, 0.0131, cei1
cmp625, 6, Hybrid_30, 10000, 0.0137, cei1
cmp625, 6, Hybrid_50, 10000, 0.0156, cei1
cmp625, 6, Hybrid_100, 10000, 0.0205, cei1
cmp625, 6, Hybrid_500, 10000, 0.0705, cei1
cmp625, 6, Hybrid_1000, 10000, 0.1459, cei1
cmp625, 6, Hybrid_5000, 10000, 0.4712, cei1
cmp625, 6, NativeSorted, 10000, 0.0016, cei1
cmp625, 6, BruteForce, 50000, 49.5440, cei1
cmp625, 6, Hybrid_5, 50000, 0.0711, cei1
cmp625, 6, Hybrid_10, 50000, 0.0691, cei1
cmp625, 6, Hybrid_20, 50000, 0.0702, cei1
cmp625, 6, Hybrid_30, 50000, 0.0735, cei1
cmp625, 6, Hybrid_50, 50000, 0.0829, cei1
cmp625, 6, Hybrid_100, 50000, 0.1086, cei1
cmp625, 6, Hybrid_500, 50000, 0.3528, cei1
cmp625, 6, Hybrid_1000, 50000, 0.6450, cei1
cmp625, 6, Hybrid_5000, 50000, 2.9630, cei1
cmp625, 6, NativeSorted, 50000, 0.0097, cei1
cmp625, 6, BruteForce, 100000, 212.2091, cei1
cmp625, 6, Hybrid_5, 100000, 0.1586, cei1
cmp625, 6, Hybrid_10, 100000, 0.1545, cei1
cmp625, 6, Hybrid_20, 100000, 0.1560, cei1
cmp625, 6, Hybrid_30, 100000, 0.1634, cei1
cmp625, 6, Hybrid_50, 100000, 0.1811, cei1
cmp625, 6, Hybrid_100, 100000, 0.2366, cei1
cmp625, 6, Hybrid_500, 100000, 0.7277, cei1
cmp625, 6, Hybrid_1000, 100000, 1.3621, cei1
cmp625, 6, Hybrid_5000, 100000, 6.2280, cei1
cmp625, 6, NativeSorted, 100000, 0.0212, cei1
cmp625, 6, BruteForce, 500000, 5780.4641, cei1
cmp625, 6, Hybrid_5, 500000, 0.9483, cei1
cmp625, 6, Hybrid_10, 500000, 0.9238, cei1
cmp625, 6, Hybrid_20, 500000, 0.9330, cei1
cmp625, 6, Hybrid_30, 500000, 0.9655, cei1
cmp625, 6, Hybrid_50, 500000, 1.0595, cei1
cmp625, 6, Hybrid_100, 500000, 1.3333, cei1
cmp625, 6, Hybrid_500, 500000, 3.8226, cei1
cmp625, 6, Hybrid_1000, 500000, 6.9826, cei1
cmp625, 6, Hybrid_5000, 500000, 30.8501, cei1
cmp625, 6, NativeSorted, 500000, 0.1345, cei1
cmp625, 6, BruteForce, 1000000, 28727.6888, cei1
cmp625, 6, Hybrid_5, 1000000, 2.1738, cei1
cmp625, 6, Hybrid_10, 1000000, 2.1200, cei1
cmp625, 6, Hybrid_20, 1000000, 2.1424, cei1
cmp625, 6, Hybrid_30, 1000000, 2.2080, cei1
cmp625, 6, Hybrid_50, 1000000, 2.3938, cei1
cmp625, 6, Hybrid_100, 1000000, 2.9467, cei1
cmp625, 6, Hybrid_500, 1000000, 8.0039, cei1
cmp625, 6, Hybrid_1000, 1000000, 14.3566, cei1
cmp625, 6, Hybrid_5000, 1000000, 66.9467, cei1
cmp625, 6, NativeSorted, 1000000, 0.3145, cei1
cmp625, 7, BruteForce, 1000, 0.0197, cei1
cmp625, 7, Hybrid_5, 1000, 0.0010, cei1
cmp625, 7, Hybrid_10, 1000, 0.0009, cei1
cmp625, 7, Hybrid_20, 1000, 0.0009, cei1
cmp625, 7, Hybrid_30, 1000, 0.0010, cei1
cmp625, 7, Hybrid_50, 1000, 0.0012, cei1
cmp625, 7, Hybrid_100, 1000, 0.0017, cei1
cmp625, 7, Hybrid_500, 1000, 0.0074, cei1
cmp625, 7, Hybrid_1000, 1000, 0.0193, cei1
cmp625, 7, Hybrid_5000, 1000, 0.0194, cei1
cmp625, 7, NativeSorted, 1000, 0.0001, cei1
cmp625, 7, BruteForce, 2000, 0.0766, cei1
cmp625, 7, Hybrid_5, 2000, 0.0021, cei1
cmp625, 7, Hybrid_10, 2000, 0.0020, cei1
cmp625, 7, Hybrid_20, 2000, 0.0020, cei1
cmp625, 7, Hybrid_30, 2000, 0.0021, cei1
cmp625, 7, Hybrid_50, 2000, 0.0025, cei1
cmp625, 7, Hybrid_100, 2000, 0.0036, cei1
cmp625, 7, Hybrid_500, 2000, 0.0143, cei1
cmp625, 7, Hybrid_1000, 2000, 0.0266, cei1
cmp625, 7, Hybrid_5000, 2000, 0.0749, cei1
cmp625, 7, NativeSorted, 2000, 0.0003, cei1
cmp625, 7, BruteForce, 5000, 0.4698, cei1
cmp625, 7, Hybrid_5, 5000, 0.0060, cei1
cmp625, 7, Hybrid_10, 5000, 0.0058, cei1
cmp625, 7, Hybrid_20, 5000, 0.0059, cei1
cmp625, 7, Hybrid_30, 5000, 0.0062, cei1
cmp625, 7, Hybrid_50, 5000, 0.0071, cei1
cmp625, 7, Hybrid_100, 5000, 0.0098, cei1
cmp625, 7, Hybrid_500, 5000, 0.0298, cei1
cmp625, 7, Hybrid_1000, 5000, 0.0620, cei1
cmp625, 7, Hybrid_5000, 5000, 0.4684, cei1
cmp625, 7, NativeSorted, 5000, 0.0007, cei1
cmp625, 7, BruteForce, 10000, 1.9669, cei1
cmp625, 7, Hybrid_5, 10000, 0.0133, cei1
cmp625, 7, Hybrid_10, 10000, 0.0129, cei1
cmp625, 7, Hybrid_20, 10000, 0.0131, cei1
cmp625, 7, Hybrid_30, 10000, 0.0138, cei1
cmp625, 7, Hybrid_50, 10000, 0.0156, cei1
cmp625, 7, Hybrid_100, 10000, 0.0216, cei1
cmp625, 7, Hybrid_500, 10000, 0.0738, cei1
cmp625, 7, Hybrid_1000, 10000, 0.1349, cei1
cmp625, 7, Hybrid_5000, 10000, 0.5953, cei1
cmp625, 7, NativeSorted, 10000, 0.0016, cei1
cmp625, 7, BruteForce, 50000, 50.2027, cei1
cmp625, 7, Hybrid_5, 50000, 0.0731, cei1
cmp625, 7, Hybrid_10, 50000, 0.0708, cei1
cmp625, 7, Hybrid_20, 50000, 0.0719, cei1
cmp625, 7, Hybrid_30, 50000, 0.0752, cei1
cmp625, 7, Hybrid_50, 50000, 0.0847, cei1
cmp625, 7, Hybrid_100, 50000, 0.1105, cei1
cmp625, 7, Hybrid_500, 50000, 0.3550, cei1
cmp625, 7, Hybrid_1000, 50000, 0.6765, cei1
cmp625, 7, Hybrid_5000, 50000, 3.1478, cei1
cmp625, 7, NativeSorted, 50000, 0.0097, cei1
cmp625, 7, BruteForce, 100000, 211.8079, cei1
cmp625, 7, Hybrid_5, 100000, 0.1536, cei1
cmp625, 7, Hybrid_10, 100000, 0.1493, cei1
cmp625, 7, Hybrid_20, 100000, 0.1513, cei1
cmp625, 7, Hybrid_30, 100000, 0.1579, cei1
cmp625, 7, Hybrid_50, 100000, 0.1757, cei1
cmp625, 7, Hybrid_100, 100000, 0.2330, cei1
cmp625, 7, Hybrid_500, 100000, 0.7199, cei1
cmp625, 7, Hybrid_1000, 100000, 1.2988, cei1
cmp625, 7, Hybrid_5000, 100000, 6.4765, cei1
cmp625, 7, NativeSorted, 100000, 0.0210, cei1
cmp625, 7, BruteForce, 500000, 5693.9959, cei1
cmp625, 7, Hybrid_5, 500000, 0.9334, cei1
cmp625, 7, Hybrid_10, 500000, 0.9078, cei1
cmp625, 7, Hybrid_20, 500000, 0.9177, cei1
cmp625, 7, Hybrid_30, 500000, 0.9510, cei1
cmp625, 7, Hybrid_50, 500000, 1.0431, cei1
cmp625, 7, Hybrid_100, 500000, 1.3187, cei1
cmp625, 7, Hybrid_500, 500000, 3.7951, cei1
cmp625, 7, Hybrid_1000, 500000, 7.0589, cei1
cmp625, 7, Hybrid_5000, 500000, 33.1822, cei1
cmp625, 7, NativeSorted, 500000, 0.1337, cei1
cmp625, 7, BruteForce, 1000000, 28393.4357, cei1
cmp625, 7, Hybrid_5, 1000000, 2.1435, cei1
cmp625, 7, Hybrid_10, 1000000, 2.0919, cei1
cmp625, 7, Hybrid_20, 1000000, 2.1105, cei1
cmp625, 7, Hybrid_30, 1000000, 2.1781, cei1
cmp625, 7, Hybrid_50, 1000000, 2.3634, cei1
cmp625, 7, Hybrid_100, 1000000, 2.9125, cei1
cmp625, 7, Hybrid_500, 1000000, 7.9735, cei1
cmp625, 7, Hybrid_1000, 1000000, 14.3319, cei1
cmp625, 7, Hybrid_5000, 1000000, 64.8662, cei1
cmp625, 7, NativeSorted, 1000000, 0.3107, cei1
cmp625, 8, BruteForce, 1000, 0.0185, cei1
cmp625, 8, Hybrid_5, 1000, 0.0010, cei1
cmp625, 8, Hybrid_10, 1000, 0.0009, cei1
cmp625, 8, Hybrid_20, 1000, 0.0009, cei1
cmp625, 8, Hybrid_30, 1000, 0.0011, cei1
cmp625, 8, Hybrid_50, 1000, 0.0012, cei1
cmp625, 8, Hybrid_100, 1000, 0.0018, cei1
cmp625, 8, Hybrid_500, 1000, 0.0068, cei1
cmp625, 8, Hybrid_1000, 1000, 0.0185, cei1
cmp625, 8, Hybrid_5000, 1000, 0.0183, cei1
cmp625, 8, NativeSorted, 1000, 0.0001, cei1
cmp625, 8, BruteForce, 2000, 0.0764, cei1
cmp625, 8, Hybrid_5, 2000, 0.0020, cei1
cmp625, 8, Hybrid_10, 2000, 0.0019, cei1
cmp625, 8, Hybrid_20, 2000, 0.0019, cei1
cmp625, 8, Hybrid_30, 2000, 0.0020, cei1
cmp625, 8, Hybrid_50, 2000, 0.0024, cei1
cmp625, 8, Hybrid_100, 2000, 0.0035, cei1
cmp625, 8, Hybrid_500, 2000, 0.0134, cei1
cmp625, 8, Hybrid_1000, 2000, 0.0305, cei1
cmp625, 8, Hybrid_5000, 2000, 0.0743, cei1
cmp625, 8, NativeSorted, 2000, 0.0003, cei1
cmp625, 8, BruteForce, 5000, 0.4779, cei1
cmp625, 8, Hybrid_5, 5000, 0.0061, cei1
cmp625, 8, Hybrid_10, 5000, 0.0058, cei1
cmp625, 8, Hybrid_20, 5000, 0.0060, cei1
cmp625, 8, Hybrid_30, 5000, 0.0063, cei1
cmp625, 8, Hybrid_50, 5000, 0.0073, cei1
cmp625, 8, Hybrid_100, 5000, 0.0097, cei1
cmp625, 8, Hybrid_500, 5000, 0.0351, cei1
cmp625, 8, Hybrid_1000, 5000, 0.0711, cei1
cmp625, 8, Hybrid_5000, 5000, 0.4752, cei1
cmp625, 8, NativeSorted, 5000, 0.0007, cei1
cmp625, 8, BruteForce, 10000, 1.9426, cei1
cmp625, 8, Hybrid_5, 10000, 0.0124, cei1
cmp625, 8, Hybrid_10, 10000, 0.0120, cei1
cmp625, 8, Hybrid_20, 10000, 0.0122, cei1
cmp625, 8, Hybrid_30, 10000, 0.0128, cei1
cmp625, 8, Hybrid_50, 10000, 0.0147, cei1
cmp625, 8, Hybrid_100, 10000, 0.0195, cei1
cmp625, 8, Hybrid_500, 10000, 0.0720, cei1
cmp625, 8, Hybrid_1000, 10000, 0.1324, cei1
cmp625, 8, Hybrid_5000, 10000, 0.6720, cei1
cmp625, 8, NativeSorted, 10000, 0.0016, cei1
cmp625, 8, BruteForce, 50000, 50.9611, cei1
cmp625, 8, Hybrid_5, 50000, 0.0728, cei1
cmp625, 8, Hybrid_10, 50000, 0.0707, cei1
cmp625, 8, Hybrid_20, 50000, 0.0717, cei1
cmp625, 8, Hybrid_30, 50000, 0.0751, cei1
cmp625, 8, Hybrid_50, 50000, 0.0841, cei1
cmp625, 8, Hybrid_100, 50000, 0.1127, cei1
cmp625, 8, Hybrid_500, 50000, 0.3534, cei1
cmp625, 8, Hybrid_1000, 50000, 0.7165, cei1
cmp625, 8, Hybrid_5000, 50000, 3.0244, cei1
cmp625, 8, NativeSorted, 50000, 0.0097, cei1
cmp625, 8, BruteForce, 100000, 210.3744, cei1
cmp625, 8, Hybrid_5, 100000, 0.1620, cei1
cmp625, 8, Hybrid_10, 100000, 0.1573, cei1
cmp625, 8, Hybrid_20, 100000, 0.1594, cei1
cmp625, 8, Hybrid_30, 100000, 0.1656, cei1
cmp625, 8, Hybrid_50, 100000, 0.1842, cei1
cmp625, 8, Hybrid_100, 100000, 0.2389, cei1
cmp625, 8, Hybrid_500, 100000, 0.7366, cei1
cmp625, 8, Hybrid_1000, 100000, 1.3460, cei1
cmp625, 8, Hybrid_5000, 100000, 6.1548, cei1
cmp625, 8, NativeSorted, 100000, 0.0211, cei1
cmp625, 8, BruteForce, 500000, 5777.0682, cei1
cmp625, 8, Hybrid_5, 500000, 0.9327, cei1
cmp625, 8, Hybrid_10, 500000, 0.9091, cei1
cmp625, 8, Hybrid_20, 500000, 0.9176, cei1
cmp625, 8, Hybrid_30, 500000, 0.9509, cei1
cmp625, 8, Hybrid_50, 500000, 1.0401, cei1
cmp625, 8, Hybrid_100, 500000, 1.3162, cei1
cmp625, 8, Hybrid_500, 500000, 3.7552, cei1
cmp625, 8, Hybrid_1000, 500000, 6.9331, cei1
cmp625, 8, Hybrid_5000, 500000, 33.6597, cei1
cmp625, 8, NativeSorted, 500000, 0.1350, cei1
cmp625, 8, BruteForce, 1000000, 29970.0659, cei1
cmp625, 8, Hybrid_5, 1000000, 2.1363, cei1
cmp625, 8, Hybrid_10, 1000000, 2.0838, cei1
cmp625, 8, Hybrid_20, 1000000, 2.0973, cei1
cmp625, 8, Hybrid_30, 1000000, 2.1617, cei1
cmp625, 8, Hybrid_50, 1000000, 2.3430, cei1
cmp625, 8, Hybrid_100, 1000000, 2.8861, cei1
cmp625, 8, Hybrid_500, 1000000, 7.7878, cei1
cmp625, 8, Hybrid_1000, 1000000, 13.9173, cei1
cmp625, 8, Hybrid_5000, 1000000, 65.3240, cei1
cmp625, 8, NativeSorted, 1000000, 0.3114, cei1
cmp625, 9, BruteForce, 1000, 0.0203, cei1
cmp625, 9, Hybrid_5, 1000, 0.0010, cei1
cmp625, 9, Hybrid_10, 1000, 0.0009, cei1
cmp625, 9, Hybrid_20, 1000, 0.0010, cei1
cmp625, 9, Hybrid_30, 1000, 0.0010, cei1
cmp625, 9, Hybrid_50, 1000, 0.0012, cei1
cmp625, 9, Hybrid_100, 1000, 0.0018, cei1
cmp625, 9, Hybrid_500, 1000, 0.0076, cei1
cmp625, 9, Hybrid_1000, 1000, 0.0187, cei1
cmp625, 9, Hybrid_5000, 1000, 0.0186, cei1
cmp625, 9, NativeSorted, 1000, 0.0001, cei1
cmp625, 9, BruteForce, 2000, 0.0786, cei1
cmp625, 9, Hybrid_5, 2000, 0.0020, cei1
cmp625, 9, Hybrid_10, 2000, 0.0020, cei1
cmp625, 9, Hybrid_20, 2000, 0.0020, cei1
cmp625, 9, Hybrid_30, 2000, 0.0021, cei1
cmp625, 9, Hybrid_50, 2000, 0.0025, cei1
cmp625, 9, Hybrid_100, 2000, 0.0034, cei1
cmp625, 9, Hybrid_500, 2000, 0.0142, cei1
cmp625, 9, Hybrid_1000, 2000, 0.0256, cei1
cmp625, 9, Hybrid_5000, 2000, 0.0768, cei1
cmp625, 9, NativeSorted, 2000, 0.0003, cei1
cmp625, 9, BruteForce, 5000, 0.4841, cei1
cmp625, 9, Hybrid_5, 5000, 0.0058, cei1
cmp625, 9, Hybrid_10, 5000, 0.0055, cei1
cmp625, 9, Hybrid_20, 5000, 0.0056, cei1
cmp625, 9, Hybrid_30, 5000, 0.0059, cei1
cmp625, 9, Hybrid_50, 5000, 0.0069, cei1
cmp625, 9, Hybrid_100, 5000, 0.0100, cei1
cmp625, 9, Hybrid_500, 5000, 0.0336, cei1
cmp625, 9, Hybrid_1000, 5000, 0.0606, cei1
cmp625, 9, Hybrid_5000, 5000, 0.4808, cei1
cmp625, 9, NativeSorted, 5000, 0.0007, cei1
cmp625, 9, BruteForce, 10000, 1.9160, cei1
cmp625, 9, Hybrid_5, 10000, 0.0127, cei1
cmp625, 9, Hybrid_10, 10000, 0.0119, cei1
cmp625, 9, Hybrid_20, 10000, 0.0121, cei1
cmp625, 9, Hybrid_30, 10000, 0.0128, cei1
cmp625, 9, Hybrid_50, 10000, 0.0151, cei1
cmp625, 9, Hybrid_100, 10000, 0.0198, cei1
cmp625, 9, Hybrid_500, 10000, 0.0706, cei1
cmp625, 9, Hybrid_1000, 10000, 0.1468, cei1
cmp625, 9, Hybrid_5000, 10000, 0.7170, cei1
cmp625, 9, NativeSorted, 10000, 0.0016, cei1
cmp625, 9, BruteForce, 50000, 50.5712, cei1
cmp625, 9, Hybrid_5, 50000, 0.0761, cei1
cmp625, 9, Hybrid_10, 50000, 0.0747, cei1
cmp625, 9, Hybrid_20, 50000, 0.0747, cei1
cmp625, 9, Hybrid_30, 50000, 0.0791, cei1
cmp625, 9, Hybrid_50, 50000, 0.0868, cei1
cmp625, 9, Hybrid_100, 50000, 0.1145, cei1
cmp625, 9, Hybrid_500, 50000, 0.3643, cei1
cmp625, 9, Hybrid_1000, 50000, 0.6519, cei1
cmp625, 9, Hybrid_5000, 50000, 2.8469, cei1
cmp625, 9, NativeSorted, 50000, 0.0099, cei1
cmp625, 9, BruteForce, 100000, 210.2526, cei1
cmp625, 9, Hybrid_5, 100000, 0.1564, cei1
cmp625, 9, Hybrid_10, 100000, 0.1511, cei1
cmp625, 9, Hybrid_20, 100000, 0.1533, cei1
cmp625, 9, Hybrid_30, 100000, 0.1602, cei1
cmp625, 9, Hybrid_50, 100000, 0.1781, cei1
cmp625, 9, Hybrid_100, 100000, 0.2320, cei1
cmp625, 9, Hybrid_500, 100000, 0.7158, cei1
cmp625, 9, Hybrid_1000, 100000, 1.3191, cei1
cmp625, 9, Hybrid_5000, 100000, 6.5929, cei1
cmp625, 9, NativeSorted, 100000, 0.0215, cei1
cmp625, 9, BruteForce, 500000, 5822.7155, cei1
cmp625, 9, Hybrid_5, 500000, 0.9556, cei1
cmp625, 9, Hybrid_10, 500000, 0.9342, cei1
cmp625, 9, Hybrid_20, 500000, 0.9421, cei1
cmp625, 9, Hybrid_30, 500000, 0.9767, cei1
cmp625, 9, Hybrid_50, 500000, 1.0674, cei1
cmp625, 9, Hybrid_100, 500000, 1.3427, cei1
cmp625, 9, Hybrid_500, 500000, 3.8227, cei1
cmp625, 9, Hybrid_1000, 500000, 7.1248, cei1
cmp625, 9, Hybrid_5000, 500000, 32.2383, cei1
cmp625, 9, NativeSorted, 500000, 0.1352, cei1
cmp625, 9, BruteForce, 1000000, 28930.5164, cei1
cmp625, 9, Hybrid_5, 1000000, 2.0863, cei1
cmp625, 9, Hybrid_10, 1000000, 2.0280, cei1
cmp625, 9, Hybrid_20, 1000000, 2.0435, cei1
cmp625, 9, Hybrid_30, 1000000, 2.1078, cei1
cmp625, 9, Hybrid_50, 1000000, 2.2922, cei1
cmp625, 9, Hybrid_100, 1000000, 2.8467, cei1
cmp625, 9, Hybrid_500, 1000000, 7.7761, cei1
cmp625, 9, Hybrid_1000, 1000000, 14.1104, cei1
cmp625, 9, Hybrid_5000, 1000000, 65.4480, cei1
cmp625, 9, NativeSorted, 1000000, 0.3132, cei1
cmp625, 10, BruteForce, 1000, 0.0196, cei1
cmp625, 10, Hybrid_5, 1000, 0.0010, cei1
cmp625, 10, Hybrid_10, 1000, 0.0009, cei1
cmp625, 10, Hybrid_20, 1000, 0.0009, cei1
cmp625, 10, Hybrid_30, 1000, 0.0009, cei1
cmp625, 10, Hybrid_50, 1000, 0.0012, cei1
cmp625, 10, Hybrid_100, 1000, 0.0017, cei1
cmp625, 10, Hybrid_500, 1000, 0.0067, cei1
cmp625, 10, Hybrid_1000, 1000, 0.0190, cei1
cmp625, 10, Hybrid_5000, 1000, 0.0189, cei1
cmp625, 10, NativeSorted, 1000, 0.0001, cei1
cmp625, 10, BruteForce, 2000, 0.0784, cei1
cmp625, 10, Hybrid_5, 2000, 0.0021, cei1
cmp625, 10, Hybrid_10, 2000, 0.0019, cei1
cmp625, 10, Hybrid_20, 2000, 0.0020, cei1
cmp625, 10, Hybrid_30, 2000, 0.0021, cei1
cmp625, 10, Hybrid_50, 2000, 0.0025, cei1
cmp625, 10, Hybrid_100, 2000, 0.0036, cei1
cmp625, 10, Hybrid_500, 2000, 0.0139, cei1
cmp625, 10, Hybrid_1000, 2000, 0.0278, cei1
cmp625, 10, Hybrid_5000, 2000, 0.0773, cei1
cmp625, 10, NativeSorted, 2000, 0.0003, cei1
cmp625, 10, BruteForce, 5000, 0.4819, cei1
cmp625, 10, Hybrid_5, 5000, 0.0057, cei1
cmp625, 10, Hybrid_10, 5000, 0.0055, cei1
cmp625, 10, Hybrid_20, 5000, 0.0055, cei1
cmp625, 10, Hybrid_30, 5000, 0.0059, cei1
cmp625, 10, Hybrid_50, 5000, 0.0067, cei1
cmp625, 10, Hybrid_100, 5000, 0.0096, cei1
cmp625, 10, Hybrid_500, 5000, 0.0370, cei1
cmp625, 10, Hybrid_1000, 5000, 0.0674, cei1
cmp625, 10, Hybrid_5000, 5000, 0.4779, cei1
cmp625, 10, NativeSorted, 5000, 0.0007, cei1
cmp625, 10, BruteForce, 10000, 1.9205, cei1
cmp625, 10, Hybrid_5, 10000, 0.0120, cei1
cmp625, 10, Hybrid_10, 10000, 0.0116, cei1
cmp625, 10, Hybrid_20, 10000, 0.0118, cei1
cmp625, 10, Hybrid_30, 10000, 0.0125, cei1
cmp625, 10, Hybrid_50, 10000, 0.0142, cei1
cmp625, 10, Hybrid_100, 10000, 0.0202, cei1
cmp625, 10, Hybrid_500, 10000, 0.0731, cei1
cmp625, 10, Hybrid_1000, 10000, 0.1122, cei1
cmp625, 10, Hybrid_5000, 10000, 0.7643, cei1
cmp625, 10, NativeSorted, 10000, 0.0016, cei1
cmp625, 10, BruteForce, 50000, 50.4738, cei1
cmp625, 10, Hybrid_5, 50000, 0.0728, cei1
cmp625, 10, Hybrid_10, 50000, 0.0702, cei1
cmp625, 10, Hybrid_20, 50000, 0.0716, cei1
cmp625, 10, Hybrid_30, 50000, 0.0752, cei1
cmp625, 10, Hybrid_50, 50000, 0.0851, cei1
cmp625, 10, Hybrid_100, 50000, 0.1129, cei1
cmp625, 10, Hybrid_500, 50000, 0.3518, cei1
cmp625, 10, Hybrid_1000, 50000, 0.6902, cei1
cmp625, 10, Hybrid_5000, 50000, 3.4545, cei1
cmp625, 10, NativeSorted, 50000, 0.0100, cei1
cmp625, 10, BruteForce, 100000, 212.2532, cei1
cmp625, 10, Hybrid_5, 100000, 0.1565, cei1
cmp625, 10, Hybrid_10, 100000, 0.1515, cei1
cmp625, 10, Hybrid_20, 100000, 0.1528, cei1
cmp625, 10, Hybrid_30, 100000, 0.1591, cei1
cmp625, 10, Hybrid_50, 100000, 0.1769, cei1
cmp625, 10, Hybrid_100, 100000, 0.2321, cei1
cmp625, 10, Hybrid_500, 100000, 0.7348, cei1
cmp625, 10, Hybrid_1000, 100000, 1.3179, cei1
cmp625, 10, Hybrid_5000, 100000, 6.2646, cei1
cmp625, 10, NativeSorted, 100000, 0.0212, cei1
cmp625, 10, BruteForce, 500000, 6018.2460, cei1
cmp625, 10, Hybrid_5, 500000, 0.9554, cei1
cmp625, 10, Hybrid_10, 500000, 0.9300, cei1
cmp625, 10, Hybrid_20, 500000, 0.9410, cei1
cmp625, 10, Hybrid_30, 500000, 0.9710, cei1
cmp625, 10, Hybrid_50, 500000, 1.0665, cei1
cmp625, 10, Hybrid_100, 500000, 1.3429, cei1
cmp625, 10, Hybrid_500, 500000, 3.8192, cei1
cmp625, 10, Hybrid_1000, 500000, 7.1410, cei1
cmp625, 10, Hybrid_5000, 500000, 34.6098, cei1
cmp625, 10, NativeSorted, 500000, 0.1362, cei1
cmp625, 10, BruteForce, 1000000, 29278.6010, cei1
cmp625, 10, Hybrid_5, 1000000, 2.2364, cei1
cmp625, 10, Hybrid_10, 1000000, 2.1852, cei1
cmp625, 10, Hybrid_20, 1000000, 2.2008, cei1
cmp625, 10, Hybrid_30, 1000000, 2.2697, cei1
cmp625, 10, Hybrid_50, 1000000, 2.4501, cei1
cmp625, 10, Hybrid_100, 1000000, 2.9964, cei1
cmp625, 10, Hybrid_500, 1000000, 7.9311, cei1
cmp625, 10, Hybrid_1000, 1000000, 14.1284, cei1
cmp625, 10, Hybrid_5000, 1000000, 65.4343, cei1
cmp625, 10, NativeSorted, 1000000, 0.3139, cei1
