cmp625, 1, BruteForce, 1000, 0.0104, grace1
cmp625, 1, Hybrid_5, 1000, 0.0006, grace1
cmp625, 1, Hybrid_10, 1000, 0.0006, grace1
cmp625, 1, Hybrid_20, 1000, 0.0006, grace1
cmp625, 1, Hybrid_30, 1000, 0.0006, grace1
cmp625, 1, Hybrid_50, 1000, 0.0007, grace1
cmp625, 1, Hybrid_100, 1000, 0.0010, grace1
cmp625, 1, Hybrid_500, 1000, 0.0031, grace1
cmp625, 1, Hybrid_1000, 1000, 0.0103, grace1
cmp625, 1, Hybrid_5000, 1000, 0.0102, grace1
cmp625, 1, NativeSorted, 1000, 0.0001, grace1
cmp625, 1, BruteForce, 2000, 0.0412, grace1
cmp625, 1, Hybrid_5, 2000, 0.0011, grace1
cmp625, 1, Hybrid_10, 2000, 0.0010, grace1
cmp625, 1, Hybrid_20, 2000, 0.0010, grace1
cmp625, 1, Hybrid_30, 2000, 0.0011, grace1
cmp625, 1, Hybrid_50, 2000, 0.0013, grace1
cmp625, 1, Hybrid_100, 2000, 0.0019, grace1
cmp625, 1, Hybrid_500, 2000, 0.0082, grace1
cmp625, 1, Hybrid_1000, 2000, 0.0139, grace1
cmp625, 1, Hybrid_5000, 2000, 0.0418, grace1
cmp625, 1, NativeSorted, 2000, 0.0001, grace1
cmp625, 1, BruteForce, 5000, 0.2505, grace1
cmp625, 1, Hybrid_5, 5000, 0.0033, grace1
cmp625, 1, Hybrid_10, 5000, 0.0032, grace1
cmp625, 1, Hybrid_20, 5000, 0.0032, grace1
cmp625, 1, Hybrid_30, 5000, 0.0034, grace1
cmp625, 1, Hybrid_50, 5000, 0.0039, grace1
cmp625, 1, Hybrid_100, 5000, 0.0051, grace1
cmp625, 1, Hybrid_500, 5000, 0.0169, grace1
cmp625, 1, Hybrid_1000, 5000, 0.0443, grace1
cmp625, 1, Hybrid_5000, 5000, 0.2526, grace1
cmp625, 1, NativeSorted, 5000, 0.0004, grace1
cmp625, 1, BruteForce, 10000, 1.0285, grace1
cmp625, 1, Hybrid_5, 10000, 0.0068, grace1
cmp625, 1, Hybrid_10, 10000, 0.0065, grace1
cmp625, 1, Hybrid_20, 10000, 0.0067, grace1
cmp625, 1, Hybrid_30, 10000, 0.0070, grace1
cmp625, 1, Hybrid_50, 10000, 0.0079, grace1
cmp625, 1, Hybrid_100, 10000, 0.0106, grace1
cmp625, 1, Hybrid_500, 10000, 0.0384, grace1
cmp625, 1, Hybrid_1000, 10000, 0.0742, grace1
cmp625, 1, Hybrid_5000, 10000, 0.4440, grace1
cmp625, 1, NativeSorted, 10000, 0.0008, grace1
cmp625, 1, BruteForce, 50000, 30.0769, grace1
cmp625, 1, Hybrid_5, 50000, 0.0410, grace1
cmp625, 1, Hybrid_10, 50000, 0.0394, grace1
cmp625, 1, Hybrid_20, 50000, 0.0401, grace1
cmp625, 1, Hybrid_30, 50000, 0.0418, grace1
cmp625, 1, Hybrid_50, 50000, 0.0465, grace1
cmp625, 1, Hybrid_100, 50000, 0.0603, grace1
cmp625, 1, Hybrid_500, 50000, 0.1901, grace1
cmp625, 1, Hybrid_1000, 50000, 0.3513, grace1
cmp625, 1, Hybrid_5000, 50000, 1.6050, grace1
cmp625, 1, NativeSorted, 50000, 0.0050, grace1
cmp625, 1, BruteForce, 100000, 146.7316, grace1
cmp625, 1, Hybrid_5, 100000, 0.0881, grace1
cmp625, 1, Hybrid_10, 100000, 0.0858, grace1
cmp625, 1, Hybrid_20, 100000, 0.0866, grace1
cmp625, 1, Hybrid_30, 100000, 0.0901, grace1
cmp625, 1, Hybrid_50, 100000, 0.0998, grace1
cmp625, 1, Hybrid_100, 100000, 0.1310, grace1
cmp625, 1, Hybrid_500, 100000, 0.3997, grace1
cmp625, 1, Hybrid_1000, 100000, 0.7571, grace1
cmp625, 1, Hybrid_5000, 100000, 3.5435, grace1
cmp625, 1, NativeSorted, 100000, 0.0114, grace1
cmp625, 1, BruteForce, 500000, 3940.2126, grace1
cmp625, 1, Hybrid_5, 500000, 0.5382, grace1
cmp625, 1, Hybrid_10, 500000, 0.5247, grace1
cmp625, 1, Hybrid_20, 500000, 0.5294, grace1
cmp625, 1, Hybrid_30, 500000, 0.5456, grace1
cmp625, 1, Hybrid_50, 500000, 0.5939, grace1
cmp625, 1, Hybrid_100, 500000, 0.7363, grace1
cmp625, 1, Hybrid_500, 500000, 2.0243, grace1
cmp625, 1, Hybrid_1000, 500000, 3.7650, grace1
cmp625, 1, Hybrid_5000, 500000, 17.0278, grace1
cmp625, 1, NativeSorted, 500000, 0.0659, grace1
cmp625, 1, BruteForce, 1000000, 16370.9868, grace1
cmp625, 1, Hybrid_5, 1000000, 1.1939, grace1
cmp625, 1, Hybrid_10, 1000000, 1.1356, grace1
cmp625, 1, Hybrid_20, 1000000, 1.1404, grace1
cmp625, 1, Hybrid_30, 1000000, 1.1856, grace1
cmp625, 1, Hybrid_50, 1000000, 1.2742, grace1
cmp625, 1, Hybrid_100, 1000000, 1.5911, grace1
cmp625, 1, Hybrid_500, 1000000, 4.1802, grace1
cmp625, 1, Hybrid_1000, 1000000, 7.5085, grace1
cmp625, 1, Hybrid_5000, 1000000, 33.8679, grace1
cmp625, 1, NativeSorted, 1000000, 0.1429, grace1
cmp625, 2, BruteForce, 1000, 0.0097, grace1
cmp625, 2, Hybrid_5, 1000, 0.0005, grace1
cmp625, 2, Hybrid_10, 1000, 0.0005, grace1
cmp625, 2, Hybrid_20, 1000, 0.0005, grace1
cmp625, 2, Hybrid_30, 1000, 0.0005, grace1
cmp625, 2, Hybrid_50, 1000, 0.0006, grace1
cmp625, 2, Hybrid_100, 1000, 0.0009, grace1
cmp625, 2, Hybrid_500, 1000, 0.0027, grace1
cmp625, 2, Hybrid_1000, 1000, 0.0098, grace1
cmp625, 2, Hybrid_5000, 1000, 0.0098, grace1
cmp625, 2, NativeSorted, 1000, 0.0001, grace1
cmp625, 2, BruteForce, 2000, 0.0399, grace1
cmp625, 2, Hybrid_5, 2000, 0.0012, grace1
cmp625, 2, Hybrid_10, 2000, 0.0011, grace1
cmp625, 2, Hybrid_20, 2000, 0.0012, grace1
cmp625, 2, Hybrid_30, 2000, 0.0012, grace1
cmp625, 2, Hybrid_50, 2000, 0.0014, grace1
cmp625, 2, Hybrid_100, 2000, 0.0020, grace1
cmp625, 2, Hybrid_500, 2000, 0.0076, grace1
cmp625, 2, Hybrid_1000, 2000, 0.0125, grace1
cmp625, 2, Hybrid_5000, 2000, 0.0401, grace1
cmp625, 2, NativeSorted, 2000, 0.0001, grace1
cmp625, 2, BruteForce, 5000, 0.2568, grace1
cmp625, 2, Hybrid_5, 5000, 0.0034, grace1
cmp625, 2, Hybrid_10, 5000, 0.0032, grace1
cmp625, 2, Hybrid_20, 5000, 0.0033, grace1
cmp625, 2, Hybrid_30, 5000, 0.0035, grace1
cmp625, 2, Hybrid_50, 5000, 0.0039, grace1
cmp625, 2, Hybrid_100, 5000, 0.0054, grace1
cmp625, 2, Hybrid_500, 5000, 0.0182, grace1
cmp625, 2, Hybrid_1000, 5000, 0.0351, grace1
cmp625, 2, Hybrid_5000, 5000, 0.2579, grace1
cmp625, 2, NativeSorted, 5000, 0.0004, grace1
cmp625, 2, BruteForce, 10000, 1.0340, grace1
cmp625, 2, Hybrid_5, 10000, 0.0069, grace1
cmp625, 2, Hybrid_10, 10000, 0.0066, grace1
cmp625, 2, Hybrid_20, 10000, 0.0068, grace1
cmp625, 2, Hybrid_30, 10000, 0.0071, grace1
cmp625, 2, Hybrid_50, 10000, 0.0080, grace1
cmp625, 2, Hybrid_100, 10000, 0.0110, grace1
cmp625, 2, Hybrid_500, 10000, 0.0377, grace1
cmp625, 2, Hybrid_1000, 10000, 0.0735, grace1
cmp625, 2, Hybrid_5000, 10000, 0.3924, grace1
cmp625, 2, NativeSorted, 10000, 0.0008, grace1
cmp625, 2, BruteForce, 50000, 31.5979, grace1
cmp625, 2, Hybrid_5, 50000, 0.0408, grace1
cmp625, 2, Hybrid_10, 50000, 0.0396, grace1
cmp625, 2, Hybrid_20, 50000, 0.0402, grace1
cmp625, 2, Hybrid_30, 50000, 0.0418, grace1
cmp625, 2, Hybrid_50, 50000, 0.0468, grace1
cmp625, 2, Hybrid_100, 50000, 0.0616, grace1
cmp625, 2, Hybrid_500, 50000, 0.1963, grace1
cmp625, 2, Hybrid_1000, 50000, 0.3434, grace1
cmp625, 2, Hybrid_5000, 50000, 1.8038, grace1
cmp625, 2, NativeSorted, 50000, 0.0051, grace1
cmp625, 2, BruteForce, 100000, 143.9093, grace1
cmp625, 2, Hybrid_5, 100000, 0.0948, grace1
cmp625, 2, Hybrid_10, 100000, 0.0924, grace1
cmp625, 2, Hybrid_20, 100000, 0.0935, grace1
cmp625, 2, Hybrid_30, 100000, 0.0973, grace1
cmp625, 2, Hybrid_50, 100000, 0.1070, grace1
cmp625, 2, Hybrid_100, 100000, 0.1361, grace1
cmp625, 2, Hybrid_500, 100000, 0.4061, grace1
cmp625, 2, Hybrid_1000, 100000, 0.7376, grace1
cmp625, 2, Hybrid_5000, 100000, 3.4732, grace1
cmp625, 2, NativeSorted, 100000, 0.0111, grace1
cmp625, 2, BruteForce, 500000, 3987.7188, grace1
cmp625, 2, Hybrid_5, 500000, 0.5435, grace1
cmp625, 2, Hybrid_10, 500000, 0.5325, grace1
cmp625, 2, Hybrid_20, 500000, 0.5359, grace1
cmp625, 2, Hybrid_30, 500000, 0.5554, grace1
cmp625, 2, Hybrid_50, 500000, 0.5987, grace1
cmp625, 2, Hybrid_100, 500000, 0.7422, grace1
cmp625, 2, Hybrid_500, 500000, 2.0860, grace1
cmp625, 2, Hybrid_1000, 500000, 3.7124, grace1
cmp625, 2, Hybrid_5000, 500000, 17.5706, grace1
cmp625, 2, NativeSorted, 500000, 0.0667, grace1
cmp625, 2, BruteForce, 1000000, 16371.6041, grace1
cmp625, 2, Hybrid_5, 1000000, 1.1615, grace1
cmp625, 2, Hybrid_10, 1000000, 1.1326, grace1
cmp625, 2, Hybrid_20, 1000000, 1.1391, grace1
cmp625, 2, Hybrid_30, 1000000, 1.2063, grace1
cmp625, 2, Hybrid_50, 1000000, 1.2720, grace1
cmp625, 2, Hybrid_100, 1000000, 1.5596, grace1
cmp625, 2, Hybrid_500, 1000000, 4.1757, grace1
cmp625, 2, Hybrid_1000, 1000000, 7.5870, grace1
cmp625, 2, Hybrid_5000, 1000000, 35.5310, grace1
cmp625, 2, NativeSorted, 1000000, 0.1412, grace1
cmp625, 3, BruteForce, 1000, 0.0106, grace1
cmp625, 3, Hybrid_5, 1000, 0.0005, grace1
cmp625, 3, Hybrid_10, 1000, 0.0005, grace1
cmp625, 3, Hybrid_20, 1000, 0.0005, grace1
cmp625, 3, Hybrid_30, 1000, 0.0005, grace1
cmp625, 3, Hybrid_50, 1000, 0.0006, grace1
cmp625, 3, Hybrid_100, 1000, 0.0009, grace1
cmp625, 3, Hybrid_500, 1000, 0.0039, grace1
cmp625, 3, Hybrid_1000, 1000, 0.0101, grace1
cmp625, 3, Hybrid_5000, 1000, 0.0103, grace1
cmp625, 3, NativeSorted, 1000, 0.0001, grace1
cmp625, 3, BruteForce, 2000, 0.0391, grace1
cmp625, 3, Hybrid_5, 2000, 0.0012, grace1
cmp625, 3, Hybrid_10, 2000, 0.0011, grace1
cmp625, 3, Hybrid_20, 2000, 0.0011, grace1
cmp625, 3, Hybrid_30, 2000, 0.0012, grace1
cmp625, 3, Hybrid_50, 2000, 0.0014, grace1
cmp625, 3, Hybrid_100, 2000, 0.0019, grace1
cmp625, 3, Hybrid_500, 2000, 0.0071, grace1
cmp625, 3, Hybrid_1000, 2000, 0.0149, grace1
cmp625, 3, Hybrid_5000, 2000, 0.0392, grace1
cmp625, 3, NativeSorted, 2000, 0.0001, grace1
cmp625, 3, BruteForce, 5000, 0.2570, grace1
cmp625, 3, Hybrid_5, 5000, 0.0030, grace1
cmp625, 3, Hybrid_10, 5000, 0.0029, grace1
cmp625, 3, Hybrid_20, 5000, 0.0030, grace1
cmp625, 3, Hybrid_30, 5000, 0.0031, grace1
cmp625, 3, Hybrid_50, 5000, 0.0036, grace1
cmp625, 3, Hybrid_100, 5000, 0.0049, grace1
cmp625, 3, Hybrid_500, 5000, 0.0183, grace1
cmp625, 3, Hybrid_1000, 5000, 0.0385, grace1
cmp625, 3, Hybrid_5000, 5000, 0.2647, grace1
cmp625, 3, NativeSorted, 5000, 0.0004, grace1
cmp625, 3, BruteForce, 10000, 1.0297, grace1
cmp625, 3, Hybrid_5, 10000, 0.0066, grace1
cmp625, 3, Hybrid_10, 10000, 0.0063, grace1
cmp625, 3, Hybrid_20, 10000, 0.0064, grace1
cmp625, 3, Hybrid_30, 10000, 0.0067, grace1
cmp625, 3, Hybrid_50, 10000, 0.0077, grace1
cmp625, 3, Hybrid_100, 10000, 0.0105, grace1
cmp625, 3, Hybrid_500, 10000, 0.0378, grace1
cmp625, 3, Hybrid_1000, 10000, 0.0671, grace1
cmp625, 3, Hybrid_5000, 10000, 0.3726, grace1
cmp625, 3, NativeSorted, 10000, 0.0008, grace1
cmp625, 3, BruteForce, 50000, 30.8118, grace1
cmp625, 3, Hybrid_5, 50000, 0.0411, grace1
cmp625, 3, Hybrid_10, 50000, 0.0401, grace1
cmp625, 3, Hybrid_20, 50000, 0.0407, grace1
cmp625, 3, Hybrid_30, 50000, 0.0424, grace1
cmp625, 3, Hybrid_50, 50000, 0.0475, grace1
cmp625, 3, Hybrid_100, 50000, 0.0617, grace1
cmp625, 3, Hybrid_500, 50000, 0.2039, grace1
cmp625, 3, Hybrid_1000, 50000, 0.3677, grace1
cmp625, 3, Hybrid_5000, 50000, 1.6060, grace1
cmp625, 3, NativeSorted, 50000, 0.0052, grace1
cmp625, 3, BruteForce, 100000, 145.5562, grace1
cmp625, 3, Hybrid_5, 100000, 0.0901, grace1
cmp625, 3, Hybrid_10, 100000, 0.0881, grace1
cmp625, 3, Hybrid_20, 100000, 0.0951, grace1
cmp625, 3, Hybrid_30, 100000, 0.0986, grace1
cmp625, 3, Hybrid_50, 100000, 0.1079, grace1
cmp625, 3, Hybrid_100, 100000, 0.1360, grace1
cmp625, 3, Hybrid_500, 100000, 0.4103, grace1
cmp625, 3, Hybrid_1000, 100000, 0.7694, grace1
cmp625, 3, Hybrid_5000, 100000, 3.4391, grace1
cmp625, 3, NativeSorted, 100000, 0.0117, grace1
cmp625, 3, BruteForce, 500000, 3915.5710, grace1
cmp625, 3, Hybrid_5, 500000, 0.5393, grace1
cmp625, 3, Hybrid_10, 500000, 0.5236, grace1
cmp625, 3, Hybrid_20, 500000, 0.5304, grace1
cmp625, 3, Hybrid_30, 500000, 0.5471, grace1
cmp625, 3, Hybrid_50, 500000, 0.5909, grace1
cmp625, 3, Hybrid_100, 500000, 0.7338, grace1
cmp625, 3, Hybrid_500, 500000, 2.1271, grace1
cmp625, 3, Hybrid_1000, 500000, 3.7154, grace1
cmp625, 3, Hybrid_5000, 500000, 17.9503, grace1
cmp625, 3, NativeSorted, 500000, 0.0654, grace1
cmp625, 3, BruteForce, 1000000, 16001.7473, grace1
cmp625, 3, Hybrid_5, 1000000, 1.1514, grace1
cmp625, 3, Hybrid_10, 1000000, 1.1214, grace1
cmp625, 3, Hybrid_20, 1000000, 1.1256, grace1
cmp625, 3, Hybrid_30, 1000000, 1.1577, grace1
cmp625, 3, Hybrid_50, 1000000, 1.2532, grace1
cmp625, 3, Hybrid_100, 1000000, 1.5366, grace1
cmp625, 3, Hybrid_500, 1000000, 4.1333, grace1
cmp625, 3, Hybrid_1000, 1000000, 7.4769, grace1
cmp625, 3, Hybrid_5000, 1000000, 34.5010, grace1
cmp625, 3, NativeSorted, 1000000, 0.1398, grace1
cmp625, 4, BruteForce, 1000, 0.0097, grace1
cmp625, 4, Hybrid_5, 1000, 0.0005, grace1
cmp625, 4, Hybrid_10, 1000, 0.0005, grace1
cmp625, 4, Hybrid_20, 1000, 0.0005, grace1
cmp625, 4, Hybrid_30, 1000, 0.0005, grace1
cmp625, 4, Hybrid_50, 1000, 0.0006, grace1
cmp625, 4, Hybrid_100, 1000, 0.0008, grace1
cmp625, 4, Hybrid_500, 1000, 0.0036, grace1
cmp625, 4, Hybrid_1000, 1000, 0.0107, grace1
cmp625, 4, Hybrid_5000, 1000, 0.0098, grace1
cmp625, 4, NativeSorted, 1000, 0.0001, grace1
cmp625, 4, BruteForce, 2000, 0.0407, grace1
cmp625, 4, Hybrid_5, 2000, 0.0011, grace1
cmp625, 4, Hybrid_10, 2000, 0.0010, grace1
cmp625, 4, Hybrid_20, 2000, 0.0010, grace1
cmp625, 4, Hybrid_30, 2000, 0.0011, grace1
cmp625, 4, Hybrid_50, 2000, 0.0013, grace1
cmp625, 4, Hybrid_100, 2000, 0.0019, grace1
cmp625, 4, Hybrid_500, 2000, 0.0071, grace1
cmp625, 4, Hybrid_1000, 2000, 0.0147, grace1
cmp625, 4, Hybrid_5000, 2000, 0.0424, grace1
cmp625, 4, NativeSorted, 2000, 0.0001, grace1
cmp625, 4, BruteForce, 5000, 0.2544, grace1
cmp625, 4, Hybrid_5, 5000, 0.0031, grace1
cmp625, 4, Hybrid_10, 5000, 0.0029, grace1
cmp625, 4, Hybrid_20, 5000, 0.0030, grace1
cmp625, 4, Hybrid_30, 5000, 0.0032, grace1
cmp625, 4, Hybrid_50, 5000, 0.0037, grace1
cmp625, 4, Hybrid_100, 5000, 0.0051, grace1
cmp625, 4, Hybrid_500, 5000, 0.0177, grace1
cmp625, 4, Hybrid_1000, 5000, 0.0367, grace1
cmp625, 4, Hybrid_5000, 5000, 0.2600, grace1
cmp625, 4, NativeSorted, 5000, 0.0004, grace1
cmp625, 4, BruteForce, 10000, 1.0297, grace1
cmp625, 4, Hybrid_5, 10000, 0.0073, grace1
cmp625, 4, Hybrid_10, 10000, 0.0071, grace1
cmp625, 4, Hybrid_20, 10000, 0.0071, grace1
cmp625, 4, Hybrid_30, 10000, 0.0075, grace1
cmp625, 4, Hybrid_50, 10000, 0.0084, grace1
cmp625, 4, Hybrid_100, 10000, 0.0116, grace1
cmp625, 4, Hybrid_500, 10000, 0.0378, grace1
cmp625, 4, Hybrid_1000, 10000, 0.0711, grace1
cmp625, 4, Hybrid_5000, 10000, 0.2987, grace1
cmp625, 4, NativeSorted, 10000, 0.0008, grace1
cmp625, 4, BruteForce, 50000, 30.8772, grace1
cmp625, 4, Hybrid_5, 50000, 0.0416, grace1
cmp625, 4, Hybrid_10, 50000, 0.0404, grace1
cmp625, 4, Hybrid_20, 50000, 0.0409, grace1
cmp625, 4, Hybrid_30, 50000, 0.0427, grace1
cmp625, 4, Hybrid_50, 50000, 0.0477, grace1
cmp625, 4, Hybrid_100, 50000, 0.0617, grace1
cmp625, 4, Hybrid_500, 50000, 0.1918, grace1
cmp625, 4, Hybrid_1000, 50000, 0.3616, grace1
cmp625, 4, Hybrid_5000, 50000, 1.7091, grace1
cmp625, 4, NativeSorted, 50000, 0.0052, grace1
cmp625, 4, BruteForce, 100000, 145.2485, grace1
cmp625, 4, Hybrid_5, 100000, 0.0896, grace1
cmp625, 4, Hybrid_10, 100000, 0.0872, grace1
cmp625, 4, Hybrid_20, 100000, 0.0884, grace1
cmp625, 4, Hybrid_30, 100000, 0.0917, grace1
cmp625, 4, Hybrid_50, 100000, 0.1015, grace1
cmp625, 4, Hybrid_100, 100000, 0.1301, grace1
cmp625, 4, Hybrid_500, 100000, 0.3956, grace1
cmp625, 4, Hybrid_1000, 100000, 0.7552, grace1
cmp625, 4, Hybrid_5000, 100000, 3.3925, grace1
cmp625, 4, NativeSorted, 100000, 0.0114, grace1
cmp625, 4, BruteForce, 500000, 3912.1498, grace1
cmp625, 4, Hybrid_5, 500000, 0.5432, grace1
cmp625, 4, Hybrid_10, 500000, 0.5452, grace1
cmp625, 4, Hybrid_20, 500000, 0.5384, grace1
cmp625, 4, Hybrid_30, 500000, 0.5479, grace1
cmp625, 4, Hybrid_50, 500000, 0.6035, grace1
cmp625, 4, Hybrid_100, 500000, 0.7689, grace1
cmp625, 4, Hybrid_500, 500000, 2.0499, grace1
cmp625, 4, Hybrid_1000, 500000, 3.7305, grace1
cmp625, 4, Hybrid_5000, 500000, 17.6213, grace1
cmp625, 4, NativeSorted, 500000, 0.0657, grace1
cmp625, 4, BruteForce, 1000000, 16352.7157, grace1
cmp625, 4, Hybrid_5, 1000000, 1.1663, grace1
cmp625, 4, Hybrid_10, 1000000, 1.1359, grace1
cmp625, 4, Hybrid_20, 1000000, 1.1461, grace1
cmp625, 4, Hybrid_30, 1000000, 1.1791, grace1
cmp625, 4, Hybrid_50, 1000000, 1.2760, grace1
cmp625, 4, Hybrid_100, 1000000, 1.5613, grace1
cmp625, 4, Hybrid_500, 1000000, 4.2170, grace1
cmp625, 4, Hybrid_1000, 1000000, 7.6404, grace1
cmp625, 4, Hybrid_5000, 1000000, 35.7348, grace1
cmp625, 4, NativeSorted, 1000000, 0.1411, grace1
cmp625, 5, BruteForce, 1000, 0.0100, grace1
cmp625, 5, Hybrid_5, 1000, 0.0005, grace1
cmp625, 5, Hybrid_10, 1000, 0.0005, grace1
cmp625, 5, Hybrid_20, 1000, 0.0005, grace1
cmp625, 5, Hybrid_30, 1000, 0.0005, grace1
cmp625, 5, Hybrid_50, 1000, 0.0006, grace1
cmp625, 5, Hybrid_100, 1000, 0.0008, grace1
cmp625, 5, Hybrid_500, 1000, 0.0025, grace1
cmp625, 5, Hybrid_1000, 1000, 0.0098, grace1
cmp625, 5, Hybrid_5000, 1000, 0.0098, grace1
cmp625, 5, NativeSorted, 1000, 0.0001, grace1
cmp625, 5, BruteForce, 2000, 0.0411, grace1
cmp625, 5, Hybrid_5, 2000, 0.0012, grace1
cmp625, 5, Hybrid_10, 2000, 0.0012, grace1
cmp625, 5, Hybrid_20, 2000, 0.0012, grace1
cmp625, 5, Hybrid_30, 2000, 0.0013, grace1
cmp625, 5, Hybrid_50, 2000, 0.0015, grace1
cmp625, 5, Hybrid_100, 2000, 0.0019, grace1
cmp625, 5, Hybrid_500, 2000, 0.0073, grace1
cmp625, 5, Hybrid_1000, 2000, 0.0115, grace1
cmp625, 5, Hybrid_5000, 2000, 0.0405, grace1
cmp625, 5, NativeSorted, 2000, 0.0001, grace1
cmp625, 5, BruteForce, 5000, 0.2546, grace1
cmp625, 5, Hybrid_5, 5000, 0.0033, grace1
cmp625, 5, Hybrid_10, 5000, 0.0032, grace1
cmp625, 5, Hybrid_20, 5000, 0.0033, grace1
cmp625, 5, Hybrid_30, 5000, 0.0034, grace1
cmp625, 5, Hybrid_50, 5000, 0.0039, grace1
cmp625, 5, Hybrid_100, 5000, 0.0051, grace1
cmp625, 5, Hybrid_500, 5000, 0.0179, grace1
cmp625, 5, Hybrid_1000, 5000, 0.0370, grace1
cmp625, 5, Hybrid_5000, 5000, 0.2580, grace1
cmp625, 5, NativeSorted, 5000, 0.0004, grace1
cmp625, 5, BruteForce, 10000, 1.0331, grace1
cmp625, 5, Hybrid_5, 10000, 0.0071, grace1
cmp625, 5, Hybrid_10, 10000, 0.0069, grace1
cmp625, 5, Hybrid_20, 10000, 0.0070, grace1
cmp625, 5, Hybrid_30, 10000, 0.0073, grace1
cmp625, 5, Hybrid_50, 10000, 0.0082, grace1
cmp625, 5, Hybrid_100, 10000, 0.0111, grace1
cmp625, 5, Hybrid_500, 10000, 0.0356, grace1
cmp625, 5, Hybrid_1000, 10000, 0.0743, grace1
cmp625, 5, Hybrid_5000, 10000, 0.3524, grace1
cmp625, 5, NativeSorted, 10000, 0.0008, grace1
cmp625, 5, BruteForce, 50000, 31.4013, grace1
cmp625, 5, Hybrid_5, 50000, 0.0434, grace1
cmp625, 5, Hybrid_10, 50000, 0.0425, grace1
cmp625, 5, Hybrid_20, 50000, 0.0430, grace1
cmp625, 5, Hybrid_30, 50000, 0.0449, grace1
cmp625, 5, Hybrid_50, 50000, 0.0499, grace1
cmp625, 5, Hybrid_100, 50000, 0.0644, grace1
cmp625, 5, Hybrid_500, 50000, 0.1995, grace1
cmp625, 5, Hybrid_1000, 50000, 0.3810, grace1
cmp625, 5, Hybrid_5000, 50000, 1.9099, grace1
cmp625, 5, NativeSorted, 50000, 0.0051, grace1
cmp625, 5, BruteForce, 100000, 144.7538, grace1
cmp625, 5, Hybrid_5, 100000, 0.0889, grace1
cmp625, 5, Hybrid_10, 100000, 0.0864, grace1
cmp625, 5, Hybrid_20, 100000, 0.0873, grace1
cmp625, 5, Hybrid_30, 100000, 0.0909, grace1
cmp625, 5, Hybrid_50, 100000, 0.1006, grace1
cmp625, 5, Hybrid_100, 100000, 0.1285, grace1
cmp625, 5, Hybrid_500, 100000, 0.3859, grace1
cmp625, 5, Hybrid_1000, 100000, 0.7544, grace1
cmp625, 5, Hybrid_5000, 100000, 3.8570, grace1
cmp625, 5, NativeSorted, 100000, 0.0112, grace1
cmp625, 5, BruteForce, 500000, 3973.8115, grace1
cmp625, 5, Hybrid_5, 500000, 0.5314, grace1
cmp625, 5, Hybrid_10, 500000, 0.5355, grace1
cmp625, 5, Hybrid_20, 500000, 0.5501, grace1
cmp625, 5, Hybrid_30, 500000, 0.5497, grace1
cmp625, 5, Hybrid_50, 500000, 0.6274, grace1
cmp625, 5, Hybrid_100, 500000, 0.7628, grace1
cmp625, 5, Hybrid_500, 500000, 2.0700, grace1
cmp625, 5, Hybrid_1000, 500000, 3.7070, grace1
cmp625, 5, Hybrid_5000, 500000, 17.9732, grace1
cmp625, 5, NativeSorted, 500000, 0.0669, grace1
cmp625, 5, BruteForce, 1000000, 16316.0422, grace1
cmp625, 5, Hybrid_5, 1000000, 1.2859, grace1
cmp625, 5, Hybrid_10, 1000000, 1.2436, grace1
cmp625, 5, Hybrid_20, 1000000, 1.2225, grace1
cmp625, 5, Hybrid_30, 1000000, 1.2600, grace1
cmp625, 5, Hybrid_50, 1000000, 1.3533, grace1
cmp625, 5, Hybrid_100, 1000000, 1.6409, grace1
cmp625, 5, Hybrid_500, 1000000, 4.2377, grace1
cmp625, 5, Hybrid_1000, 1000000, 7.6435, grace1
cmp625, 5, Hybrid_5000, 1000000, 35.5398, grace1
cmp625, 5, NativeSorted, 1000000, 0.1418, grace1
cmp625, 6, BruteForce, 1000, 0.0098, grace1
cmp625, 6, Hybrid_5, 1000, 0.0005, grace1
cmp625, 6, Hybrid_10, 1000, 0.0005, grace1
cmp625, 6, Hybrid_20, 1000, 0.0005, grace1
cmp625, 6, Hybrid_30, 1000, 0.0005, grace1
cmp625, 6, Hybrid_50, 1000, 0.0006, grace1
cmp625, 6, Hybrid_100, 1000, 0.0009, grace1
cmp625, 6, Hybrid_500, 1000, 0.0034, grace1
cmp625, 6, Hybrid_1000, 1000, 0.0098, grace1
cmp625, 6, Hybrid_5000, 1000, 0.0100, grace1
cmp625, 6, NativeSorted, 1000, 0.0001, grace1
cmp625, 6, BruteForce, 2000, 0.0406, grace1
cmp625, 6, Hybrid_5, 2000, 0.0013, grace1
cmp625, 6, Hybrid_10, 2000, 0.0013, grace1
cmp625, 6, Hybrid_20, 2000, 0.0013, grace1
cmp625, 6, Hybrid_30, 2000, 0.0014, grace1
cmp625, 6, Hybrid_50, 2000, 0.0015, grace1
cmp625, 6, Hybrid_100, 2000, 0.0020, grace1
cmp625, 6, Hybrid_500, 2000, 0.0067, grace1
cmp625, 6, Hybrid_1000, 2000, 0.0108, grace1
cmp625, 6, Hybrid_5000, 2000, 0.0419, grace1
cmp625, 6, NativeSorted, 2000, 0.0001, grace1
cmp625, 6, BruteForce, 5000, 0.2578, grace1
cmp625, 6, Hybrid_5, 5000, 0.0031, grace1
cmp625, 6, Hybrid_10, 5000, 0.0029, grace1
cmp625, 6, Hybrid_20, 5000, 0.0030, grace1
cmp625, 6, Hybrid_30, 5000, 0.0032, grace1
cmp625, 6, Hybrid_50, 5000, 0.0037, grace1
cmp625, 6, Hybrid_100, 5000, 0.0050, grace1
cmp625, 6, Hybrid_500, 5000, 0.0176, grace1
cmp625, 6, Hybrid_1000, 5000, 0.0349, grace1
cmp625, 6, Hybrid_5000, 5000, 0.2726, grace1
cmp625, 6, NativeSorted, 5000, 0.0004, grace1
cmp625, 6, BruteForce, 10000, 1.0275, grace1
cmp625, 6, Hybrid_5, 10000, 0.0069, grace1
cmp625, 6, Hybrid_10, 10000, 0.0066, grace1
cmp625, 6, Hybrid_20, 10000, 0.0067, grace1
cmp625, 6, Hybrid_30, 10000, 0.0070, grace1
cmp625, 6, Hybrid_50, 10000, 0.0080, grace1
cmp625, 6, Hybrid_100, 10000, 0.0108, grace1
cmp625, 6, Hybrid_500, 10000, 0.0346, grace1
cmp625, 6, Hybrid_1000, 10000, 0.0784, grace1
cmp625, 6, Hybrid_5000, 10000, 0.3623, grace1
cmp625, 6, NativeSorted, 10000, 0.0008, grace1
cmp625, 6, BruteForce, 50000, 31.2215, grace1
cmp625, 6, Hybrid_5, 50000, 0.0442, grace1
cmp625, 6, Hybrid_10, 50000, 0.0408, grace1
cmp625, 6, Hybrid_20, 50000, 0.0405, grace1
cmp625, 6, Hybrid_30, 50000, 0.0424, grace1
cmp625, 6, Hybrid_50, 50000, 0.0473, grace1
cmp625, 6, Hybrid_100, 50000, 0.0632, grace1
cmp625, 6, Hybrid_500, 50000, 0.1923, grace1
cmp625, 6, Hybrid_1000, 50000, 0.3687, grace1
cmp625, 6, Hybrid_5000, 50000, 2.0686, grace1
cmp625, 6, NativeSorted, 50000, 0.0051, grace1
cmp625, 6, BruteForce, 100000, 144.1451, grace1
cmp625, 6, Hybrid_5, 100000, 0.0924, grace1
cmp625, 6, Hybrid_10, 100000, 0.0902, grace1
cmp625, 6, Hybrid_20, 100000, 0.0913, grace1
cmp625, 6, Hybrid_30, 100000, 0.0946, grace1
cmp625, 6, Hybrid_50, 100000, 0.1046, grace1
cmp625, 6, Hybrid_100, 100000, 0.1392, grace1
cmp625, 6, Hybrid_500, 100000, 0.3952, grace1
cmp625, 6, Hybrid_1000, 100000, 0.7202, grace1
cmp625, 6, Hybrid_5000, 100000, 3.2721, grace1
cmp625, 6, NativeSorted, 100000, 0.0111, grace1
cmp625, 6, BruteForce, 500000, 4004.5284, grace1
cmp625, 6, Hybrid_5, 500000, 0.5524, grace1
cmp625, 6, Hybrid_10, 500000, 0.5391, grace1
cmp625, 6, Hybrid_20, 500000, 0.5441, grace1
cmp625, 6, Hybrid_30, 500000, 0.5623, grace1
cmp625, 6, Hybrid_50, 500000, 0.6102, grace1
cmp625, 6, Hybrid_100, 500000, 0.7529, grace1
cmp625, 6, Hybrid_500, 500000, 2.1325, grace1
cmp625, 6, Hybrid_1000, 500000, 3.8042, grace1
cmp625, 6, Hybrid_5000, 500000, 18.2461, grace1
cmp625, 6, NativeSorted, 500000, 0.0669, grace1
cmp625, 6, BruteForce, 1000000, 16349.1210, grace1
cmp625, 6, Hybrid_5, 1000000, 1.1482, grace1
cmp625, 6, Hybrid_10, 1000000, 1.1204, grace1
cmp625, 6, Hybrid_20, 1000000, 1.1328, grace1
cmp625, 6, Hybrid_30, 1000000, 1.1664, grace1
cmp625, 6, Hybrid_50, 1000000, 1.2614, grace1
cmp625, 6, Hybrid_100, 1000000, 1.5485, grace1
cmp625, 6, Hybrid_500, 1000000, 4.1270, grace1
cmp625, 6, Hybrid_1000, 1000000, 8.0182, grace1
cmp625, 6, Hybrid_5000, 1000000, 37.7156, grace1
cmp625, 6, NativeSorted, 1000000, 0.1440, grace1
cmp625, 7, BruteForce, 1000, 0.0106, grace1
cmp625, 7, Hybrid_5, 1000, 0.0005, grace1
cmp625, 7, Hybrid_10, 1000, 0.0005, grace1
cmp625, 7, Hybrid_20, 1000, 0.0005, grace1
cmp625, 7, Hybrid_30, 1000, 0.0005, grace1
cmp625, 7, Hybrid_50, 1000, 0.0006, grace1
cmp625, 7, Hybrid_100, 1000, 0.0008, grace1
cmp625, 7, Hybrid_500, 1000, 0.0031, grace1
cmp625, 7, Hybrid_1000, 1000, 0.0102, grace1
cmp625, 7, Hybrid_5000, 1000, 0.0101, grace1
cmp625, 7, NativeSorted, 1000, 0.0001, grace1
cmp625, 7, BruteForce, 2000, 0.0409, grace1
cmp625, 7, Hybrid_5, 2000, 0.0012, grace1
cmp625, 7, Hybrid_10, 2000, 0.0010, grace1
cmp625, 7, Hybrid_20, 2000, 0.0010, grace1
cmp625, 7, Hybrid_30, 2000, 0.0011, grace1
cmp625, 7, Hybrid_50, 2000, 0.0013, grace1
cmp625, 7, Hybrid_100, 2000, 0.0019, grace1
cmp625, 7, Hybrid_500, 2000, 0.0077, grace1
cmp625, 7, Hybrid_1000, 2000, 0.0152, grace1
cmp625, 7, Hybrid_5000, 2000, 0.0410, grace1
cmp625, 7, NativeSorted, 2000, 0.0001, grace1
cmp625, 7, BruteForce, 5000, 0.2705, grace1
cmp625, 7, Hybrid_5, 5000, 0.0031, grace1
cmp625, 7, Hybrid_10, 5000, 0.0030, grace1
cmp625, 7, Hybrid_20, 5000, 0.0030, grace1
cmp625, 7, Hybrid_30, 5000, 0.0032, grace1
cmp625, 7, Hybrid_50, 5000, 0.0036, grace1
cmp625, 7, Hybrid_100, 5000, 0.0049, grace1
cmp625, 7, Hybrid_500, 5000, 0.0167, grace1
cmp625, 7, Hybrid_1000, 5000, 0.0439, grace1
cmp625, 7, Hybrid_5000, 5000, 0.2714, grace1
cmp625, 7, NativeSorted, 5000, 0.0004, grace1
cmp625, 7, BruteForce, 10000, 1.0318, grace1
cmp625, 7, Hybrid_5, 10000, 0.0068, grace1
cmp625, 7, Hybrid_10, 10000, 0.0066, grace1
cmp625, 7, Hybrid_20, 10000, 0.0067, grace1
cmp625, 7, Hybrid_30, 10000, 0.0070, grace1
cmp625, 7, Hybrid_50, 10000, 0.0081, grace1
cmp625, 7, Hybrid_100, 10000, 0.0108, grace1
cmp625, 7, Hybrid_500, 10000, 0.0369, grace1
cmp625, 7, Hybrid_1000, 10000, 0.0716, grace1
cmp625, 7, Hybrid_5000, 10000, 0.3771, grace1
cmp625, 7, NativeSorted, 10000, 0.0008, grace1
cmp625, 7, BruteForce, 50000, 31.8886, grace1
cmp625, 7, Hybrid_5, 50000, 0.0412, grace1
cmp625, 7, Hybrid_10, 50000, 0.0400, grace1
cmp625, 7, Hybrid_20, 50000, 0.0404, grace1
cmp625, 7, Hybrid_30, 50000, 0.0421, grace1
cmp625, 7, Hybrid_50, 50000, 0.0468, grace1
cmp625, 7, Hybrid_100, 50000, 0.0614, grace1
cmp625, 7, Hybrid_500, 50000, 0.1911, grace1
cmp625, 7, Hybrid_1000, 50000, 0.3487, grace1
cmp625, 7, Hybrid_5000, 50000, 1.7851, grace1
cmp625, 7, NativeSorted, 50000, 0.0052, grace1
cmp625, 7, BruteForce, 100000, 149.3949, grace1
cmp625, 7, Hybrid_5, 100000, 0.0913, grace1
cmp625, 7, Hybrid_10, 100000, 0.0889, grace1
cmp625, 7, Hybrid_20, 100000, 0.0902, grace1
cmp625, 7, Hybrid_30, 100000, 0.0933, grace1
cmp625, 7, Hybrid_50, 100000, 0.1033, grace1
cmp625, 7, Hybrid_100, 100000, 0.1313, grace1
cmp625, 7, Hybrid_500, 100000, 0.3994, grace1
cmp625, 7, Hybrid_1000, 100000, 0.7591, grace1
cmp625, 7, Hybrid_5000, 100000, 3.6636, grace1
cmp625, 7, NativeSorted, 100000, 0.0113, grace1
cmp625, 7, BruteForce, 500000, 3906.5293, grace1
cmp625, 7, Hybrid_5, 500000, 0.5427, grace1
cmp625, 7, Hybrid_10, 500000, 0.5324, grace1
cmp625, 7, Hybrid_20, 500000, 0.5244, grace1
cmp625, 7, Hybrid_30, 500000, 0.5411, grace1
cmp625, 7, Hybrid_50, 500000, 0.5898, grace1
cmp625, 7, Hybrid_100, 500000, 0.7376, grace1
cmp625, 7, Hybrid_500, 500000, 2.1214, grace1
cmp625, 7, Hybrid_1000, 500000, 3.8155, grace1
cmp625, 7, Hybrid_5000, 500000, 18.4302, grace1
cmp625, 7, NativeSorted, 500000, 0.0667, grace1
cmp625, 7, BruteForce, 1000000, 16092.6149, grace1
cmp625, 7, Hybrid_5, 1000000, 1.1570, grace1
cmp625, 7, Hybrid_10, 1000000, 1.1266, grace1
cmp625, 7, Hybrid_20, 1000000, 1.1348, grace1
cmp625, 7, Hybrid_30, 1000000, 1.1741, grace1
cmp625, 7, Hybrid_50, 1000000, 1.2634, grace1
cmp625, 7, Hybrid_100, 1000000, 1.5519, grace1
cmp625, 7, Hybrid_500, 1000000, 4.3344, grace1
cmp625, 7, Hybrid_1000, 1000000, 7.6686, grace1
cmp625, 7, Hybrid_5000, 1000000, 36.7060, grace1
cmp625, 7, NativeSorted, 1000000, 0.1415, grace1
cmp625, 8, BruteForce, 1000, 0.0099, grace1
cmp625, 8, Hybrid_5, 1000, 0.0005, grace1
cmp625, 8, Hybrid_10, 1000, 0.0005, grace1
cmp625, 8, Hybrid_20, 1000, 0.0005, grace1
cmp625, 8, Hybrid_30, 1000, 0.0005, grace1
cmp625, 8, Hybrid_50, 1000, 0.0006, grace1
cmp625, 8, Hybrid_100, 1000, 0.0010, grace1
cmp625, 8, Hybrid_500, 1000, 0.0037, grace1
cmp625, 8, Hybrid_1000, 1000, 0.0101, grace1
cmp625, 8, Hybrid_5000, 1000, 0.0101, grace1
cmp625, 8, NativeSorted, 1000, 0.0001, grace1
cmp625, 8, BruteForce, 2000, 0.0406, grace1
cmp625, 8, Hybrid_5, 2000, 0.0011, grace1
cmp625, 8, Hybrid_10, 2000, 0.0010, grace1
cmp625, 8, Hybrid_20, 2000, 0.0010, grace1
cmp625, 8, Hybrid_30, 2000, 0.0011, grace1
cmp625, 8, Hybrid_50, 2000, 0.0013, grace1
cmp625, 8, Hybrid_100, 2000, 0.0019, grace1
cmp625, 8, Hybrid_500, 2000, 0.0076, grace1
cmp625, 8, Hybrid_1000, 2000, 0.0109, grace1
cmp625, 8, Hybrid_5000, 2000, 0.0449, grace1
cmp625, 8, NativeSorted, 2000, 0.0001, grace1
cmp625, 8, BruteForce, 5000, 0.2545, grace1
cmp625, 8, Hybrid_5, 5000, 0.0032, grace1
cmp625, 8, Hybrid_10, 5000, 0.0031, grace1
cmp625, 8, Hybrid_20, 5000, 0.0032, grace1
cmp625, 8, Hybrid_30, 5000, 0.0033, grace1
cmp625, 8, Hybrid_50, 5000, 0.0038, grace1
cmp625, 8, Hybrid_100, 5000, 0.0051, grace1
cmp625, 8, Hybrid_500, 5000, 0.0186, grace1
cmp625, 8, Hybrid_1000, 5000, 0.0308, grace1
cmp625, 8, Hybrid_5000, 5000, 0.2596, grace1
cmp625, 8, NativeSorted, 5000, 0.0004, grace1
cmp625, 8, BruteForce, 10000, 1.0292, grace1
cmp625, 8, Hybrid_5, 10000, 0.0069, grace1
cmp625, 8, Hybrid_10, 10000, 0.0062, grace1
cmp625, 8, Hybrid_20, 10000, 0.0063, grace1
cmp625, 8, Hybrid_30, 10000, 0.0069, grace1
cmp625, 8, Hybrid_50, 10000, 0.0076, grace1
cmp625, 8, Hybrid_100, 10000, 0.0105, grace1
cmp625, 8, Hybrid_500, 10000, 0.0384, grace1
cmp625, 8, Hybrid_1000, 10000, 0.0663, grace1
cmp625, 8, Hybrid_5000, 10000, 0.3766, grace1
cmp625, 8, NativeSorted, 10000, 0.0008, grace1
cmp625, 8, BruteForce, 50000, 31.5306, grace1
cmp625, 8, Hybrid_5, 50000, 0.0398, grace1
cmp625, 8, Hybrid_10, 50000, 0.0387, grace1
cmp625, 8, Hybrid_20, 50000, 0.0391, grace1
cmp625, 8, Hybrid_30, 50000, 0.0408, grace1
cmp625, 8, Hybrid_50, 50000, 0.0457, grace1
cmp625, 8, Hybrid_100, 50000, 0.0604, grace1
cmp625, 8, Hybrid_500, 50000, 0.2031, grace1
cmp625, 8, Hybrid_1000, 50000, 0.3555, grace1
cmp625, 8, Hybrid_5000, 50000, 1.7338, grace1
cmp625, 8, NativeSorted, 50000, 0.0051, grace1
cmp625, 8, BruteForce, 100000, 139.2972, grace1
cmp625, 8, Hybrid_5, 100000, 0.0878, grace1
cmp625, 8, Hybrid_10, 100000, 0.0849, grace1
cmp625, 8, Hybrid_20, 100000, 0.0856, grace1
cmp625, 8, Hybrid_30, 100000, 0.0893, grace1
cmp625, 8, Hybrid_50, 100000, 0.0988, grace1
cmp625, 8, Hybrid_100, 100000, 0.1278, grace1
cmp625, 8, Hybrid_500, 100000, 0.3862, grace1
cmp625, 8, Hybrid_1000, 100000, 0.7227, grace1
cmp625, 8, Hybrid_5000, 100000, 3.2101, grace1
cmp625, 8, NativeSorted, 100000, 0.0110, grace1
cmp625, 8, BruteForce, 500000, 4015.3773, grace1
cmp625, 8, Hybrid_5, 500000, 0.5294, grace1
cmp625, 8, Hybrid_10, 500000, 0.5149, grace1
cmp625, 8, Hybrid_20, 500000, 0.5174, grace1
cmp625, 8, Hybrid_30, 500000, 0.5349, grace1
cmp625, 8, Hybrid_50, 500000, 0.5812, grace1
cmp625, 8, Hybrid_100, 500000, 0.7219, grace1
cmp625, 8, Hybrid_500, 500000, 2.0301, grace1
cmp625, 8, Hybrid_1000, 500000, 3.6883, grace1
cmp625, 8, Hybrid_5000, 500000, 17.2057, grace1
cmp625, 8, NativeSorted, 500000, 0.0675, grace1
cmp625, 8, BruteForce, 1000000, 16345.5253, grace1
cmp625, 8, Hybrid_5, 1000000, 1.1965, grace1
cmp625, 8, Hybrid_10, 1000000, 1.1374, grace1
cmp625, 8, Hybrid_20, 1000000, 1.1389, grace1
cmp625, 8, Hybrid_30, 1000000, 1.1736, grace1
cmp625, 8, Hybrid_50, 1000000, 1.2690, grace1
cmp625, 8, Hybrid_100, 1000000, 1.5523, grace1
cmp625, 8, Hybrid_500, 1000000, 4.1127, grace1
cmp625, 8, Hybrid_1000, 1000000, 7.5322, grace1
cmp625, 8, Hybrid_5000, 1000000, 35.6959, grace1
cmp625, 8, NativeSorted, 1000000, 0.1400, grace1
cmp625, 9, BruteForce, 1000, 0.0100, grace1
cmp625, 9, Hybrid_5, 1000, 0.0005, grace1
cmp625, 9, Hybrid_10, 1000, 0.0005, grace1
cmp625, 9, Hybrid_20, 1000, 0.0005, grace1
cmp625, 9, Hybrid_30, 1000, 0.0005, grace1
cmp625, 9, Hybrid_50, 1000, 0.0007, grace1
cmp625, 9, Hybrid_100, 1000, 0.0009, grace1
cmp625, 9, Hybrid_500, 1000, 0.0034, grace1
cmp625, 9, Hybrid_1000, 1000, 0.0102, grace1
cmp625, 9, Hybrid_5000, 1000, 0.0117, grace1
cmp625, 9, NativeSorted, 1000, 0.0001, grace1
cmp625, 9, BruteForce, 2000, 0.0407, grace1
cmp625, 9, Hybrid_5, 2000, 0.0011, grace1
cmp625, 9, Hybrid_10, 2000, 0.0010, grace1
cmp625, 9, Hybrid_20, 2000, 0.0011, grace1
cmp625, 9, Hybrid_30, 2000, 0.0011, grace1
cmp625, 9, Hybrid_50, 2000, 0.0013, grace1
cmp625, 9, Hybrid_100, 2000, 0.0019, grace1
cmp625, 9, Hybrid_500, 2000, 0.0068, grace1
cmp625, 9, Hybrid_1000, 2000, 0.0113, grace1
cmp625, 9, Hybrid_5000, 2000, 0.0413, grace1
cmp625, 9, NativeSorted, 2000, 0.0002, grace1
cmp625, 9, BruteForce, 5000, 0.2576, grace1
cmp625, 9, Hybrid_5, 5000, 0.0032, grace1
cmp625, 9, Hybrid_10, 5000, 0.0031, grace1
cmp625, 9, Hybrid_20, 5000, 0.0031, grace1
cmp625, 9, Hybrid_30, 5000, 0.0033, grace1
cmp625, 9, Hybrid_50, 5000, 0.0037, grace1
cmp625, 9, Hybrid_100, 5000, 0.0051, grace1
cmp625, 9, Hybrid_500, 5000, 0.0189, grace1
cmp625, 9, Hybrid_1000, 5000, 0.0360, grace1
cmp625, 9, Hybrid_5000, 5000, 0.2602, grace1
cmp625, 9, NativeSorted, 5000, 0.0004, grace1
cmp625, 9, BruteForce, 10000, 1.0598, grace1
cmp625, 9, Hybrid_5, 10000, 0.0066, grace1
cmp625, 9, Hybrid_10, 10000, 0.0064, grace1
cmp625, 9, Hybrid_20, 10000, 0.0065, grace1
cmp625, 9, Hybrid_30, 10000, 0.0068, grace1
cmp625, 9, Hybrid_50, 10000, 0.0078, grace1
cmp625, 9, Hybrid_100, 10000, 0.0106, grace1
cmp625, 9, Hybrid_500, 10000, 0.0348, grace1
cmp625, 9, Hybrid_1000, 10000, 0.0652, grace1
cmp625, 9, Hybrid_5000, 10000, 0.2942, grace1
cmp625, 9, NativeSorted, 10000, 0.0009, grace1
cmp625, 9, BruteForce, 50000, 32.2651, grace1
cmp625, 9, Hybrid_5, 50000, 0.0428, grace1
cmp625, 9, Hybrid_10, 50000, 0.0417, grace1
cmp625, 9, Hybrid_20, 50000, 0.0424, grace1
cmp625, 9, Hybrid_30, 50000, 0.0440, grace1
cmp625, 9, Hybrid_50, 50000, 0.0489, grace1
cmp625, 9, Hybrid_100, 50000, 0.0630, grace1
cmp625, 9, Hybrid_500, 50000, 0.1874, grace1
cmp625, 9, Hybrid_1000, 50000, 0.3592, grace1
cmp625, 9, Hybrid_5000, 50000, 1.6861, grace1
cmp625, 9, NativeSorted, 50000, 0.0052, grace1
cmp625, 9, BruteForce, 100000, 151.4941, grace1
cmp625, 9, Hybrid_5, 100000, 0.0941, grace1
cmp625, 9, Hybrid_10, 100000, 0.0916, grace1
cmp625, 9, Hybrid_20, 100000, 0.0925, grace1
cmp625, 9, Hybrid_30, 100000, 0.0962, grace1
cmp625, 9, Hybrid_50, 100000, 0.1059, grace1
cmp625, 9, Hybrid_100, 100000, 0.1337, grace1
cmp625, 9, Hybrid_500, 100000, 0.3971, grace1
cmp625, 9, Hybrid_1000, 100000, 0.7552, grace1
cmp625, 9, Hybrid_5000, 100000, 3.4240, grace1
cmp625, 9, NativeSorted, 100000, 0.0115, grace1
cmp625, 9, BruteForce, 500000, 3882.9728, grace1
cmp625, 9, Hybrid_5, 500000, 0.5318, grace1
cmp625, 9, Hybrid_10, 500000, 0.5160, grace1
cmp625, 9, Hybrid_20, 500000, 0.5193, grace1
cmp625, 9, Hybrid_30, 500000, 0.5371, grace1
cmp625, 9, Hybrid_50, 500000, 0.5835, grace1
cmp625, 9, Hybrid_100, 500000, 0.7247, grace1
cmp625, 9, Hybrid_500, 500000, 2.0238, grace1
cmp625, 9, Hybrid_1000, 500000, 3.6544, grace1
cmp625, 9, Hybrid_5000, 500000, 17.3664, grace1
cmp625, 9, NativeSorted, 500000, 0.0657, grace1
cmp625, 9, BruteForce, 1000000, 15706.6030, grace1
cmp625, 9, Hybrid_5, 1000000, 1.1960, grace1
cmp625, 9, Hybrid_10, 1000000, 1.1719, grace1
cmp625, 9, Hybrid_20, 1000000, 1.1791, grace1
cmp625, 9, Hybrid_30, 1000000, 1.2113, grace1
cmp625, 9, Hybrid_50, 1000000, 1.3043, grace1
cmp625, 9, Hybrid_100, 1000000, 1.5815, grace1
cmp625, 9, Hybrid_500, 1000000, 4.2038, grace1
cmp625, 9, Hybrid_1000, 1000000, 7.6340, grace1
cmp625, 9, Hybrid_5000, 1000000, 35.6757, grace1
cmp625, 9, NativeSorted, 1000000, 0.1411, grace1
cmp625, 10, BruteForce, 1000, 0.0100, grace1
cmp625, 10, Hybrid_5, 1000, 0.0005, grace1
cmp625, 10, Hybrid_10, 1000, 0.0005, grace1
cmp625, 10, Hybrid_20, 1000, 0.0005, grace1
cmp625, 10, Hybrid_30, 1000, 0.0005, grace1
cmp625, 10, Hybrid_50, 1000, 0.0006, grace1
cmp625, 10, Hybrid_100, 1000, 0.0009, grace1
cmp625, 10, Hybrid_500, 1000, 0.0027, grace1
cmp625, 10, Hybrid_1000, 1000, 0.0100, grace1
cmp625, 10, Hybrid_5000, 1000, 0.0100, grace1
cmp625, 10, NativeSorted, 1000, 0.0001, grace1
cmp625, 10, BruteForce, 2000, 0.0394, grace1
cmp625, 10, Hybrid_5, 2000, 0.0012, grace1
cmp625, 10, Hybrid_10, 2000, 0.0011, grace1
cmp625, 10, Hybrid_20, 2000, 0.0011, grace1
cmp625, 10, Hybrid_30, 2000, 0.0012, grace1
cmp625, 10, Hybrid_50, 2000, 0.0014, grace1
cmp625, 10, Hybrid_100, 2000, 0.0020, grace1
cmp625, 10, Hybrid_500, 2000, 0.0076, grace1
cmp625, 10, Hybrid_1000, 2000, 0.0140, grace1
cmp625, 10, Hybrid_5000, 2000, 0.0394, grace1
cmp625, 10, NativeSorted, 2000, 0.0001, grace1
cmp625, 10, BruteForce, 5000, 0.2559, grace1
cmp625, 10, Hybrid_5, 5000, 0.0032, grace1
cmp625, 10, Hybrid_10, 5000, 0.0030, grace1
cmp625, 10, Hybrid_20, 5000, 0.0031, grace1
cmp625, 10, Hybrid_30, 5000, 0.0032, grace1
cmp625, 10, Hybrid_50, 5000, 0.0038, grace1
cmp625, 10, Hybrid_100, 5000, 0.0053, grace1
cmp625, 10, Hybrid_500, 5000, 0.0186, grace1
cmp625, 10, Hybrid_1000, 5000, 0.0344, grace1
cmp625, 10, Hybrid_5000, 5000, 0.2558, grace1
cmp625, 10, NativeSorted, 5000, 0.0004, grace1
cmp625, 10, BruteForce, 10000, 1.0323, grace1
cmp625, 10, Hybrid_5, 10000, 0.0063, grace1
cmp625, 10, Hybrid_10, 10000, 0.0061, grace1
cmp625, 10, Hybrid_20, 10000, 0.0062, grace1
cmp625, 10, Hybrid_30, 10000, 0.0066, grace1
cmp625, 10, Hybrid_50, 10000, 0.0075, grace1
cmp625, 10, Hybrid_100, 10000, 0.0101, grace1
cmp625, 10, Hybrid_500, 10000, 0.0360, grace1
cmp625, 10, Hybrid_1000, 10000, 0.0702, grace1
cmp625, 10, Hybrid_5000, 10000, 0.3740, grace1
cmp625, 10, NativeSorted, 10000, 0.0008, grace1
cmp625, 10, BruteForce, 50000, 31.4277, grace1
cmp625, 10, Hybrid_5, 50000, 0.0433, grace1
cmp625, 10, Hybrid_10, 50000, 0.0428, grace1
cmp625, 10, Hybrid_20, 50000, 0.0429, grace1
cmp625, 10, Hybrid_30, 50000, 0.0447, grace1
cmp625, 10, Hybrid_50, 50000, 0.0503, grace1
cmp625, 10, Hybrid_100, 50000, 0.0666, grace1
cmp625, 10, Hybrid_500, 50000, 0.2052, grace1
cmp625, 10, Hybrid_1000, 50000, 0.3723, grace1
cmp625, 10, Hybrid_5000, 50000, 1.8926, grace1
cmp625, 10, NativeSorted, 50000, 0.0052, grace1
cmp625, 10, BruteForce, 100000, 148.3356, grace1
cmp625, 10, Hybrid_5, 100000, 0.1044, grace1
cmp625, 10, Hybrid_10, 100000, 0.1041, grace1
cmp625, 10, Hybrid_20, 100000, 0.1047, grace1
cmp625, 10, Hybrid_30, 100000, 0.1081, grace1
cmp625, 10, Hybrid_50, 100000, 0.1172, grace1
cmp625, 10, Hybrid_100, 100000, 0.1414, grace1
cmp625, 10, Hybrid_500, 100000, 0.3932, grace1
cmp625, 10, Hybrid_1000, 100000, 0.7521, grace1
cmp625, 10, Hybrid_5000, 100000, 3.7150, grace1
cmp625, 10, NativeSorted, 100000, 0.0113, grace1
cmp625, 10, BruteForce, 500000, 3980.4755, grace1
cmp625, 10, Hybrid_5, 500000, 0.5589, grace1
cmp625, 10, Hybrid_10, 500000, 0.5218, grace1
cmp625, 10, Hybrid_20, 500000, 0.5496, grace1
cmp625, 10, Hybrid_30, 500000, 0.5685, grace1
cmp625, 10, Hybrid_50, 500000, 0.6015, grace1
cmp625, 10, Hybrid_100, 500000, 0.7377, grace1
cmp625, 10, Hybrid_500, 500000, 2.0315, grace1
cmp625, 10, Hybrid_1000, 500000, 3.6410, grace1
cmp625, 10, Hybrid_5000, 500000, 17.7063, grace1
cmp625, 10, NativeSorted, 500000, 0.0664, grace1
cmp625, 10, BruteForce, 1000000, 16344.0318, grace1
cmp625, 10, Hybrid_5, 1000000, 1.2182, grace1
cmp625, 10, Hybrid_10, 1000000, 1.1545, grace1
cmp625, 10, Hybrid_20, 1000000, 1.1609, grace1
cmp625, 10, Hybrid_30, 1000000, 1.1928, grace1
cmp625, 10, Hybrid_50, 1000000, 1.2903, grace1
cmp625, 10, Hybrid_100, 1000000, 1.5754, grace1
cmp625, 10, Hybrid_500, 1000000, 4.2243, grace1
cmp625, 10, Hybrid_1000, 1000000, 7.8480, grace1
cmp625, 10, Hybrid_5000, 1000000, 34.6684, grace1
cmp625, 10, NativeSorted, 1000000, 0.1416, grace1
